Accuracy,HeadshotRatio,ReactionTime,KDRatio,MovementScore,ShotsPerMinute,AvgKillDistance,AimCorrectionSpeed,WinRate,HoursPlayed,Cheater
0.36804239579231657,0.4109389730749253,0.4177208787416915,3.075720450373765,0.7252867433492061,93.65295188026595,38.212897956534306,0.2906343235397152,0.3299983490479228,260.45198918720394,1
0.47385994482996113,0.48828395197859015,0.48341345643623906,1.5187905113079407,0.8203985309226827,53.15509739706417,40.88385263223482,0.22106354452150584,0.4442410040456894,160.3706668437003,0
0.5154676373668455,0.5706030376486996,0.12285774485561557,2.8229261603355322,0.6956005951996818,110.06475610138978,51.59931062142946,0.11987796401871167,0.5134940050514446,400.5213613402161,1
0.4593055155278539,0.3443760271267332,0.1770116884713459,0.9483248619533219,0.7541058448294287,60.48959339703821,46.1344019102649,0.24562033191517435,0.586002704762271,164.27115128169785,0
0.14664447648089635,0.0192481188710813,0.21962763391053147,0.0,0.43107303259836877,40.74662931181949,38.501405716764864,0.15979506997252102,0.43060530937897656,1.0256606908988906,0
0.7361879536643513,0.30342445614177305,0.2530270203510402,0.7397155613784063,0.3727486330027927,47.32720268178845,46.029633293851276,0.2745186881893828,0.32452885296902123,33.944472651733534,1
0.6629720184335572,0.4087420793983968,0.2699430609414751,3.229300866044756,0.34428259063765765,14.865497894211622,13.775233556039087,0.3483258884856591,0.8372013899540889,3.1102901454281864,1
0.5668639776825692,0.6445615844266817,0.2553022447193959,0.008920076388526432,0.6288129845914445,92.14038016498563,7.4660212148957825,0.05,0.9823280383577138,9.883515083256897,1
0.7861236008829902,0.28643843156317894,0.3219308913132054,1.4995212819314945,0.54541261062883,91.89523978087728,32.356479759657454,0.21110674731956328,0.528657334376405,24.697633038557385,1
0.3533953823774434,0.5025087256798804,0.30352953907452157,1.5341438933402123,0.48455565768031483,39.689851223733584,31.030210644758075,0.05,0.34864392659582655,70.02897205273808,0
0.7831437680939006,0.45801757992708647,0.227716520482175,0.9870257560321882,0.7590297088390686,55.44231423236188,21.841349197301135,0.4441788585329771,0.7950908262084588,188.08005637254325,1
0.3552178884874178,0.40878010662467773,0.08244512230124298,1.0564784001628849,0.5809882707630686,61.91215088225155,42.38779004741564,0.15318754662038098,0.21064857873430692,198.02607254237944,0
0.5358106887937035,0.5861066638649184,0.20071312946213016,1.5722491342362028,0.33226847249588304,40.79293895715772,2.0570462032314616,0.2746373241825373,0.4330453350590345,95.76385379353654,1
0.30892440122986936,0.2678317606494839,0.24507613466874245,0.9378376580652728,0.3638182341728611,24.89795937457677,21.978416159132944,0.19646831404051043,0.36077658973073967,263.35357485668203,0
0.502204114331655,0.28496271007129675,0.27529205631922804,0.07794150283206891,0.6363986598508291,55.79284792446177,22.725666826835777,0.11969154192809406,0.2680928899099022,69.3271841510215,0
0.5579249746997583,0.3976198353811544,0.18703325406894628,1.715031942943456,0.7083465705309194,53.578411410815065,5.455473223508108,0.10779469528225732,0.4439951534156461,219.8549852324117,1
0.4767964503298168,0.27197069898126003,0.250919353350358,2.5733665824449723,0.6103360464511939,52.231775180224496,52.42096510903956,0.3585679173100759,0.327165584165207,60.525582747156605,1
0.6070816166135207,0.50160245821092,0.18690126115144134,2.3695725186534213,0.8793777495744163,64.4543212520193,9.611980970050155,0.2955938060178311,0.5025308928297308,32.465731884526924,1
0.5148521674230886,0.25736153912677345,0.2874180648451667,0.6902645326101885,0.8270014331462838,88.59039317051985,21.17489914038471,0.39435840873775635,0.5054354335344928,248.18662935637371,0
0.4216377907433736,0.4452608415490269,0.19269086716373846,0.24877208462232425,0.5882071669701525,53.93814560616548,43.61969636707701,0.20554533351576992,0.37573365529560415,49.09169166044352,0
0.4149780023296491,0.3799654462426487,0.21510953436295355,1.2158121178452215,0.33228386810369953,63.40885997442726,39.690680151430975,0.22879196212460004,0.4258973286812261,69.99786798940956,0
0.6216370658923545,0.44298519295534117,0.16913158690108607,3.067791509795664,0.23800249765364645,74.53741047489872,13.3773795527288,0.1732808434344712,0.45383020641925786,39.87784624308204,1
0.4019386955289549,0.3080517209873922,0.2846499304430216,2.1455980789595457,0.422523650997057,71.08285853025498,40.23733813890955,0.1712917796884991,0.6619692122238854,108.71905664583534,0
0.6373104455727405,0.3321823410946346,0.21335522300476015,2.2039646767942336,0.6506426892832314,47.71152951104316,34.346767179873325,0.09581130675226318,0.47031411978716287,530.4581949342429,1
0.6834067689247896,0.41920185359941003,0.39067842666754293,2.389856951785495,0.8653294158623877,61.92754246228072,64.99553343167202,0.20840101909243514,0.6649403481572195,2.584466353268283,1
0.24969292064808052,0.44041490123226257,0.3405850266692899,1.9207665625185864,0.58348940688216,70.95079640338106,36.059106241024566,0.1210753405113803,0.6171625967109311,230.10663070046232,0
0.6699389580951551,0.3991596169217688,0.2930148131816357,1.6206085476135785,0.7337445588462473,37.432973249784446,27.881372683972025,0.2441908922164203,0.6143061393801484,1.0,1
0.8090634047667049,0.7410724713026169,0.22025145026562112,2.162306896647968,0.4509385027624395,85.27078021593016,17.15247064320866,0.21700102189802098,0.7775691940691947,45.29150835371301,1
0.5378005641802893,0.20185261625174317,0.3380520305316303,0.9538338957819803,0.62455382504551,88.63177810428222,18.836349495666433,0.22876820436757223,0.27612182405081803,18.465243873730028,0
0.5898626277942234,0.3871592410094573,0.3690700889348637,0.0855369886336792,0.6646713658954345,45.54439489111012,17.61346356797763,0.3675129939690226,0.40536337873857725,141.61013305232694,0
0.6555507986553738,0.0852741955766031,0.314268841220163,2.222996934624323,0.10408114482949432,63.873400366963374,50.566482208678835,0.1962282050234409,0.852659760059914,5.1936491465158205,0
0.45867765272314664,0.47441629573347727,0.46037018554669307,2.737738105749225,0.4173122395246979,72.84556513342064,30.26954872524706,0.27567270028534285,0.4485366998821465,80.62821806540349,1
0.5273420335306804,0.1769506927246372,0.3459637318074816,0.3817680606439686,0.6899400768555739,49.087716873424945,38.47870685962095,0.40515094640855814,0.0,34.94527069708528,0
0.3028700705565336,0.34433794882468477,0.3913607217568034,2.3219214824159002,0.554893667127313,69.63227691376188,52.713713999713306,0.3306617069295048,0.4594063313704229,14.348966791307527,0
0.5207952542795676,0.3255871349337348,0.3133565415535978,3.18076571338819,0.2606969903698134,63.26511252584331,1.0,0.3153169698454845,0.52698790603265,147.76126523754235,1
0.5747167993466812,0.45617822532023433,0.36756644532569765,1.497753798242879,0.013975524854528742,30.641636447223984,49.18310647050562,0.16933117844795,0.0,24.515508011346284,1
0.5774244534389704,0.289441816490964,0.22032187673308246,0.6819978152582538,0.4268438509395987,69.18322631957116,30.830953676750013,0.22296430555677968,0.7667871279775897,25.318430519652452,0
0.6598137085396371,0.28093886046120353,0.25416016367872063,1.6230186735267556,0.4856828614212242,37.997151674579285,36.52572557460667,0.06817237079700583,0.35725750722687954,32.16895402714452,1
0.38377967327967066,0.6871712928171796,0.33493635534823796,0.9494660317992987,0.3232154100343309,78.78405703324094,17.573951673776232,0.24989144009644146,0.5657126230375031,88.37431089308664,1
0.42010898649897555,0.4569133580949053,0.3342099481557381,0.8832698900435983,0.5286169874055989,46.575778497322226,18.673134023272226,0.22744601776138418,0.45480369093118755,107.78275899112674,0
0.7843261018987033,0.28778982959554644,0.35076118229432474,1.9331840672715426,0.601277349446579,56.774291326777096,37.33268834719482,0.20233851251561813,0.2423297161591917,1.7759290506794208,1
0.4774507439354435,0.34983326563775385,0.4100392892278729,0.0,0.6341374341452466,87.4455782689315,65.76896700497204,0.302719478824286,0.285898373072916,27.6899924108575,0
0.5300050680968492,0.729070990454149,0.15750288281845878,0.05607107750777285,0.02881621501353554,69.9276329305769,45.04969969222352,0.07922251775756035,0.3129834327144906,56.38236027684984,1
0.48994849374121685,0.3529670243497806,0.20255474523897038,1.5192908803739429,0.23714298043837595,38.41052160850909,48.98284382127811,0.36348628511603476,0.7171343818367276,40.34326032880526,1
0.37674787605424664,0.26214467536952246,0.3229572641074253,1.4776914610875689,0.43907547032905286,39.70166858401832,27.1199809460787,0.2901764687940284,0.4704923623799696,215.5637365203711,0
0.7435293816337709,0.26300076997472144,0.22756363681965391,1.8435545770399357,0.6144346262074927,48.01394422752549,20.996936631215576,0.19293660203480262,0.3956268966896507,154.9796036349015,1
0.4208447882119091,0.29017470380208454,0.6377768241289362,3.3752253884833885,0.5978468027100071,67.89288166713332,18.2879257263151,0.18512704121826065,0.31307821748195375,98.32059833024016,0
0.33090717144396053,0.28110045551465557,0.35157196191701356,1.6045140360758212,0.5943739895753352,67.16599629865536,22.67589412954968,0.24806112152485946,0.7392300443052253,41.25537976009406,0
0.43238895840458724,0.14407043033015138,0.2921669151069843,2.0981721503347943,0.42331641160621364,43.13795390674262,1.0,0.35208512320637797,0.7928402545047175,120.6216468947211,0
0.19974409974116997,0.1751599806106044,0.24845307269161407,0.524467064385368,0.43447331253800786,36.65581028771282,19.12620985662597,0.2101607718690011,0.7369487797413361,185.55815292982473,0
0.4023068802525227,0.23413592512772602,0.2519837716806955,2.267937663516537,0.35433414631565185,65.63166810171668,21.594702659102353,0.21440309019792264,0.5984874678308334,90.34494782209373,0
0.35478071032215097,0.5183142036906195,0.3030140661315177,0.9736091348893222,0.6536388256211696,56.36279868419676,27.369627384077383,0.20181184776258715,0.5579660083741423,153.46155775032108,0
0.5926142946390986,0.3237525425454253,0.3111981932621258,1.5714208325810932,0.3159022424520843,103.14431774895475,31.976251646209377,0.3782024112701473,0.25681243640481966,138.2720600216388,1
0.39898786406601916,0.35856766218119196,0.2543300855306487,1.3911513749308384,0.670007279037914,60.73207313126158,35.43676302938416,0.16311168970629764,0.45083617465778847,84.80185127021358,0
0.6331705903368272,0.6540176050509794,0.27268477534800983,2.5329742349140307,0.5415706476275293,96.2850565540055,29.776119413355598,0.19704924013809288,0.36322795933071267,37.423278003351015,1
0.7097725989603982,0.6590014299876836,0.4344284575234596,0.1900234456250005,0.4909911043089693,36.5923280379132,21.278353704858645,0.34634356542609945,0.13489757820305803,136.9563733867212,1
0.6171763004431399,0.34357501137245305,0.4384504962651034,0.0,0.36865792004470666,28.535741208765856,1.0,0.21470108336128638,0.7114086838330731,23.167530135556984,0
0.4676917566709885,0.2738272978633182,0.3252033979934877,1.2865673029120754,0.2288916277671747,37.59829734948931,21.3703708739731,0.31370588600455224,0.360834010721545,151.18047350225385,0
0.5211671745058389,0.22711393726529244,0.16587402727632622,1.968531256905124,0.37046944872439086,83.78259562906933,15.413240434694924,0.10887199430970415,0.7391883814870615,163.2433762570875,0
0.27125225897839106,0.5385551539416475,0.35385031566390435,1.6522693758075,0.4339986262750227,95.12203179387068,36.99100122417906,0.17947074783714861,0.6763492801520025,172.67859902816966,0
0.47993309412181406,0.3590585532955425,0.4554282441611026,2.732204237413911,0.026195137683749703,44.35641092094732,43.63931095040541,0.34844340384402284,0.6113435953266838,64.03952952925192,1
0.37093422978997503,0.322701021935442,0.4369781101962379,1.9373726741796684,0.46052896893306716,50.788679404808846,44.07856600589909,0.13236602842364548,0.6225768143526368,21.378840716637196,0
0.6041489571723948,0.23726708497248947,0.3734425852809667,0.9361516681401401,0.6848714736052011,36.620381795750006,41.3542910419173,0.18487009602302928,0.3769372235852585,10.505345176906657,0
0.8859128583866711,0.2460667181977223,0.4422422955285822,0.0,0.6134435810867745,23.76720305763226,27.997113968212677,0.22566852308914787,0.8715700302581331,136.00858268529694,0
0.5749732453960714,0.46401163829864894,0.30533842724790217,1.2626877658047817,0.4007588248516985,74.36823395553259,22.170666517861548,0.10108454820070134,0.5086250861906099,217.385230993837,1
0.20132897765680002,0.1369123468225476,0.3628102969833705,2.527959002257798,0.5093872596830455,64.46040605924327,18.79345869499401,0.1586189881378103,0.5603863370237407,105.22203088078615,0
0.445815471062844,0.5989737387575877,0.23192244336748197,1.1079522173328855,0.38876708611560007,60.20975965347751,7.387516250973743,0.21126366818256404,0.3701847332866722,15.567190675954917,1
0.5183736388061682,0.2932310712370163,0.3292265456155712,1.5283202636777642,0.5297521466671392,31.9988692567324,44.877805507617865,0.20466817341619614,0.313766947844608,273.17761769941075,0
0.5131036137890396,0.3700728111496415,0.4329534243970524,1.9213602543067085,0.8080215647488063,92.7991336365732,27.379334431050385,0.3280352020837136,0.5954592017618847,451.91773269494433,0
0.390378031158687,0.13260440837188914,0.2410576588513109,0.4847076257501841,0.6936997605249752,49.93286523901054,11.304895595686894,0.3541457194832254,0.5435026991877571,56.80639406832615,0
0.5367937613955402,0.3975268123515271,0.21385565705357135,2.1232358966388176,0.6041588611385506,70.67252849632952,17.60262936434648,0.11439151279990888,0.3421295268194845,90.34369203859379,1
0.3136248744620919,0.33433581146188807,0.30974889390236965,3.1371217900017054,0.4014230175232563,30.90877189510551,16.995398153511715,0.21112685191674896,0.2123146562449192,150.16087863113967,0
0.3582636915972399,0.38998388022870667,0.27733377962760003,1.3271866481065937,0.6499876785889678,56.189496207599255,30.645367275226903,0.2674248308424766,0.24601538253449057,133.3283744365049,0
0.5968696462405567,0.6943417796723781,0.36491477210704204,0.3709355781676982,0.1626246097253894,65.82748912477167,46.01201776606029,0.3516347465799198,0.7392267434182214,343.53911394777646,1
0.34765051536802616,0.435539609158048,0.25467404740529576,1.4333989729780263,0.44952930360182186,66.54150436106615,24.780156756066255,0.271849029731713,0.3773492370699857,12.203554222276235,0
0.5807317408238386,0.24106816317083923,0.4718439615602714,0.0,0.61674228396479,63.0929708647325,1.0,0.2290913401592332,0.43221829086483327,86.92279305057897,0
0.29458043380159127,0.25773601789068634,0.1710323902038944,1.836903263976616,0.6480842428095503,69.89044984097545,27.1622949726162,0.2666542531982631,0.7900680517518124,117.74328573953265,0
0.7647238825687603,0.5190262371827538,0.42537347862197344,1.9522743776485787,0.6339768980431482,37.38959087934077,27.657091498542066,0.267376883433626,0.27556988770271706,220.81700790736298,1
0.3838595116393918,0.6597386581986848,0.22351507716918967,3.175636293845562,0.5589661378419389,63.9474521087932,26.626196535967175,0.10722857077156317,0.35460103485658867,207.2343812008808,1
0.4664500142294834,0.45638360415021006,0.12040172654159764,1.306005207433375,0.4608550041832234,62.275153669605544,20.588082502864474,0.2192798792506269,0.3462466342878614,381.6703442090118,1
0.5495919891635609,0.537742548910954,0.3237875156348867,1.9084853381464701,0.6075951939652978,64.63345368390122,33.261586210887636,0.34591609941886914,0.8236136962332079,71.7600652319007,1
0.41519750712483583,0.5219475446673411,0.27453920139861165,0.6387118976140989,0.3094277918827399,61.44690434638363,30.992116727235025,0.17926432313059953,0.8986767001164828,177.6442574942173,0
0.5215108941606956,0.6838128826715042,0.1890390632096969,1.1435728794749214,0.33106454734135005,34.53574452173205,29.627545288100293,0.21294466425474443,0.6503126450804342,55.73613203810683,1
0.5863035086780188,0.010081965454793451,0.13186231082847358,0.0,0.5123469352920593,33.64400495782053,36.189620421644484,0.17574835504739783,0.656676944830848,54.87245990834857,0
0.6440919848755228,0.5334437878609057,0.2991639212728543,1.3052103787167644,0.5346395285417495,15.714636282308973,23.552507652782197,0.05,0.3839289994294538,29.21565539942285,1
0.6187246153959436,0.5967472087807129,0.3975836891623818,1.1946908464814352,0.1348769642870707,76.35069019690596,22.7012149544902,0.20205901772346793,0.8894656973808566,170.5053217390134,1
0.4742284304295989,0.1322552587728853,0.3584953493086444,1.7991997660888959,0.5910292761899038,76.55315019470397,50.701849343781,0.23017919306528728,0.5535392508717324,425.5577670284965,0
0.47800523389345967,0.2228663631987168,0.3056706648839265,0.8764031196673607,0.6545456755838787,76.8710058244424,38.39033114573154,0.1487506609119098,0.670622052889948,29.617366195994983,0
0.8523662837037549,0.22984345027436934,0.3478847573217735,1.5833453509750919,0.48454295250674095,66.13579924922904,42.40419091414199,0.0845363051115272,0.47889501224580916,5.7768516643014465,1
0.6424833602373938,0.2542419607245233,0.2972785867622143,1.1666199443923344,0.9748932566567985,17.337615645637783,48.39156878001103,0.11193935402183508,0.44639348253447786,169.03358550697786,0
0.3617264515519679,0.30365658981289484,0.15702757569696288,1.1685006117004857,0.36341297873696277,39.465790164294674,37.889162709372,0.27641876161355644,0.8326084519192235,96.81896109983863,0
0.5149982245648328,0.4485205626109883,0.15791060147765565,1.5803623259630302,0.4277825673226261,63.40830835186224,43.925830187042564,0.39725247730469054,0.6079447359476614,321.13740474700376,1
0.4497285291832711,0.573134930233474,0.2796831471015321,1.54052294231701,0.4209866187745581,62.710360055835906,6.309822568946096,0.3382433340905433,0.7902750922140764,29.067216375849913,1
0.47969986491153355,0.6162633915537074,0.28393467136339257,2.2611740390516384,0.4847624777417965,55.545035736959576,33.06230807994041,0.06556539951694482,0.5510656343490089,7.367631241049819,1
0.31557572634378683,0.23243538776644365,0.3850982678506765,1.3793569658701652,0.43425503740674176,67.37834405816494,27.259223072785087,0.2854627310550703,0.33032669271538184,67.81448028460801,0
0.438211514842107,0.23105940025940347,0.3757304223774747,1.1501146508769968,0.21863789107902565,60.233034153704914,55.16526136349714,0.13368376241907098,0.38333141342430244,8.934065816741972,0
0.771733365979087,0.6631643680032446,0.36051330157589495,1.3191925549127739,0.3906903407527049,62.41540931102723,43.9146829770495,0.1417732937491223,0.5205930484929221,30.352694350737707,1
0.5868614451313254,0.5293487870837289,0.2719717286922819,0.7853358831590075,0.4804758608451848,47.218693343359675,20.543322138102305,0.1538024402028716,0.3746999567913346,13.464957277690583,1
0.126325788777281,0.41657296837379926,0.16193478298898603,1.1400889064333284,0.7457144164123994,79.64021972243181,35.59191237793809,0.2706066949855431,0.27850771827446186,25.37731079210096,0
0.682508523874692,0.4946673351109935,0.3412071137066024,3.531158713073231,0.9404486546745827,51.38456782639232,32.5152200017386,0.2959253376449038,0.740283406357405,11.221132095108443,1
0.6634444284363742,0.3940392436297119,0.35251693132621686,0.5873212393041329,0.767094779570131,33.38701833958747,36.81497149728343,0.1901968928720212,0.3910259858352976,307.70724768689104,1
0.4461072043540375,0.504916936609523,0.06114685375223139,1.2213436661206907,0.3449241940654787,44.58001974362543,14.717362959380223,0.19189292589919754,0.5276385495582641,32.650982547430864,1
0.6075895315674823,0.33278666069885193,0.21656618134173372,1.1125113367303097,0.36083807787476685,53.030676172760394,35.40024697857338,0.24642637432357933,0.559226717977121,58.680280383879854,1
0.3710901183774199,0.45376098688784616,0.2308945622606104,1.2528283877556006,0.4681342844981298,79.88005576737693,26.577729760676483,0.2567994539524242,0.38236937493588624,228.87986407022947,0
0.4294616425600464,0.09789078992610073,0.3118350201123436,1.168760691121605,0.8569117777707173,59.15464003130414,34.236746460834006,0.3176225706758529,0.790159893261748,113.1099080090324,0
0.7247819541004781,0.26244314103491384,0.2196639567234306,1.7792401012209997,0.4669151895636213,56.277035620687016,19.134222523167452,0.07156280244908014,0.2765716477590774,96.24327918431752,1
0.45924049401954375,0.2645977646419313,0.29618654311753595,0.0,0.23449850189251387,35.02673150474745,21.224052429051007,0.202002733980403,0.5523250527161542,122.26908672016359,0
0.21954025070675137,0.3251219933586172,0.2789465059647008,2.5371714725320045,0.39976457260939297,75.70965179659153,47.607630305500535,0.09319756241088224,0.5492235412753167,176.50528301827367,0
0.4905045165827995,0.21469734904405038,0.2840850528462272,2.132582799642197,0.6514112003638834,46.960956919532286,14.226786624897585,0.1949057720936597,0.48914907942717045,210.10269829151528,0
0.4882117410628465,0.29329127483538364,0.22836057062992537,0.25712841393686525,0.6379880553792174,57.99944282117328,15.333683984369273,0.1773824712319239,0.24061747734560346,102.9010680361092,0
0.6797552854060189,0.0971171875203759,0.23610149459333224,0.0,0.4599566667016688,89.6036615376373,29.22628114176633,0.1953250546097298,0.6741635103726928,220.73410489589853,0
0.502150463326364,0.5097400952789801,0.1919732940219307,0.5229278538585989,0.6366829347120061,70.1752666209861,18.42164437221068,0.12002571118894684,0.6487021340669193,76.65731367174088,1
0.4367626532839561,0.3834972962177211,0.3380067440573832,1.2573335385728774,0.04536555949063359,27.43491904569651,16.72457051605802,0.05127102067925712,0.36488629428175673,32.47484285917308,0
0.6567584217846809,0.058958478444796625,0.35711026285913683,4.080291898690775,0.5207658470065395,24.609795272950556,31.576139568124425,0.05,0.6414974414410723,212.0902981300242,1
0.5181185348751666,0.23303401789066538,0.22293820498746608,2.0432569649742733,0.672137084273726,58.71379099761508,7.424012146444429,0.18688198457351596,0.5749815372601551,77.97357249480704,0
0.38749659776514245,0.46732028551243343,0.45206400960170445,0.0,0.333427344969093,35.7451877025039,14.880566476295431,0.1568998894167061,0.24387757092777834,236.59252664875518,0
0.6732496340812426,0.2913956107228421,0.2685398552557951,0.810344495099056,0.3327322927007424,72.97093495265996,60.81143374385465,0.13240623351961728,0.3292142170857285,4.099681599916152,0
0.5290492646775199,0.26061170797238065,0.4530185623796561,1.4467875637270167,0.1267103694473049,60.84526129929959,36.89212588453513,0.3322548462831661,0.7276562889779159,50.669375759598324,0
0.5004388950019156,0.38508146459838477,0.23578728261683965,1.7536835542980969,0.8179791189621388,63.30769538047726,18.80154971595133,0.11405618132046891,0.56188323702841,295.27689259270574,1
0.5266862587117481,0.46871950703564325,0.09734222234005643,0.18525113968957707,0.35596920459568665,45.86513636715294,36.27322617399295,0.3416834082138803,0.3871394108378748,28.721563826019374,1
0.33939974428751046,0.1127295085921679,0.34021978249123513,1.3650097720229386,0.5482086555724224,94.8276731057341,38.509957154799444,0.3623843744269257,0.3283048217654716,283.93483071713644,0
0.4208519335732494,0.5100256962435759,0.32485451051189873,0.7823608623894593,0.6207834082966749,116.85187456020918,44.91621630135357,0.05,0.39692124037691584,307.6995717156283,0
0.5005373902749175,0.23994134367852468,0.3034393795307583,0.39624143739768347,0.8024135898282907,54.428305524865706,28.092659558149045,0.20923814589989698,0.4111040940244591,213.8277435144927,0
0.470800445746298,0.39641440635004027,0.23577675215560107,1.759595646698954,0.4692204452028729,67.06078496830001,44.64746554159334,0.16003035091640094,0.33080739347414967,82.93519608590849,1
0.6908642574224892,0.39291597186169813,0.2965427774514181,2.2738771734428225,0.39211404124431626,61.948346861286254,1.0,0.05,0.1516471775233395,104.11157044093655,1
0.5326108779090505,0.2945867763520452,0.24887405421304726,2.3410412769616196,0.5346135297141107,54.80626273117863,14.155378042863703,0.05553587469315857,0.7280026572801571,203.72789941973468,1
0.6282355883954603,0.19526805077385712,0.26976504336682494,2.0743863511338763,0.7568160553084574,43.358590645344066,32.45807102604684,0.27749361071084744,0.6941267345222887,149.56498790238803,1
0.5014093031863774,0.3428626903815473,0.3841632255765075,1.0026304668597372,0.46596549371984325,38.30064025039046,34.944502992116874,0.40191992527112647,0.2453489096386281,99.45059526945408,0
0.6584432725619185,0.7250660618150391,0.31842172295300936,2.214549761463506,0.3090261836831847,37.28805468948951,16.323265684970373,0.2902678142699249,0.5272622591127335,403.1899924456089,1
0.5596291634859731,0.12766499390727382,0.3609951387331977,1.809054438104288,0.1918484383369275,68.10480051098291,33.891299868947385,0.23236324725129778,0.31955235945704663,115.7333002382009,0
0.502013072808269,0.7384626038209752,0.276813149337421,1.6339418829520131,0.2557405230789549,49.60651043592729,20.642396269691094,0.19786676183689125,0.4476865553546929,370.8347429281041,1
0.49800753665614705,0.34805576578469355,0.2657982654195225,0.8883068782982017,0.6728782994813329,10.0,25.845613586592513,0.3682662914648114,0.4310466840252687,5.9101037330987385,0
0.3568342060563555,0.40707428341772783,0.18465174691113562,1.0031238726584717,0.43587510473863766,68.89716441196644,45.371607009975165,0.4148239201957641,0.4144331568564255,14.961474860108762,0
0.5760373580204466,0.18265783772305455,0.2629963387431803,1.573886936124554,0.3784958180158579,59.23477435071688,43.634062453328994,0.1413157320475814,0.9005894168152573,60.049297200032036,0
0.49396928981954313,0.24574611666450386,0.05,3.9398744669855015,0.3568065553632115,86.93346002802292,15.044095089551064,0.05,0.4119348630647619,48.59370318187387,1
0.4247012059728193,0.2994180699923962,0.2409778033694365,1.8012424800913902,0.5170091720400364,67.46244794182019,14.141228069698448,0.05,0.338347234986615,152.66367421593108,0
0.6659692656218108,0.19086100582441756,0.2918125822809161,0.888811497749714,0.45210898124688326,30.426528073794053,23.832399066700255,0.33218809921598025,0.3474837141005904,17.50846383356809,0
0.3124675961157798,0.3582164085258257,0.3563673654270156,0.6676105550305572,0.4453735712561495,15.40646718540038,29.598805482406124,0.19529414592256136,0.708755391280351,373.3675129569186,0
0.4366256156851349,0.3185968216386458,0.27313221224750434,1.0082333873437972,0.7698647855621479,45.61055231324126,20.13152267137889,0.21832419104587186,0.16957953366141298,37.84326136084838,0
0.65415781231693,0.7701562284871467,0.33476735422449994,3.6772934475490655,0.8076032563723268,47.49785158612695,45.60963664199502,0.05,0.34747541671289595,56.02324665879015,1
0.547328441138038,0.16680516286390779,0.08202113386097543,1.100743354054038,0.17799566541820067,78.86318402000333,35.21084762562833,0.12468110872115337,0.7893645680223068,32.123200655909365,0
0.4928211608520864,0.4205381033497175,0.29431631477930503,2.406870534610285,0.5655185462285915,59.82258135420853,36.091276648116434,0.1704519186099218,0.5487972375995294,86.5986517615679,1
0.537650531472522,0.449569256380365,0.13204972070865964,1.1240717545286436,0.34462758027572155,82.67376996197018,11.001917565825423,0.22078383833640708,0.5383844010072226,6.041763743817474,1
0.5269121256573261,0.18593589026963253,0.17916964843406671,1.7611845412796288,0.4503497772277813,33.50333888594731,47.5093607607567,0.1601407961086241,0.9264292920287402,16.21395962424956,0
0.2725006180571118,0.5373654990905677,0.2812834452136139,2.291745274008722,0.5618556770253389,79.30528768760897,1.0,0.09626738016986575,0.5492695905896998,136.96248857228431,1
0.44761071719780576,0.3203345974236744,0.4276263987873554,0.928097150190076,0.45745601661381613,74.41978306861839,42.510831777740535,0.12154330073974771,0.3583627677280835,20.641006947733235,0
0.7424782481770623,0.0,0.3371206763470059,0.8588883458472304,0.5460919761255266,19.635317771376073,44.014676065061565,0.3208323285947233,0.44358458862473027,26.855215707051578,0
0.40110137978342486,0.531969922420913,0.3018230997137117,3.15886969445533,0.6345940412063835,86.45235682521545,23.513982190830575,0.22447846196034998,0.27291353819388625,157.49506716444935,1
0.4522548478843499,0.17661182317952726,0.29804696105328976,2.4845928948957967,0.558915360108064,61.86916983532706,49.093653258711356,0.2612156806955552,0.7511874080031393,9.79449439419269,0
0.4187568855036219,0.1904450107721802,0.22863711067955325,2.2906723186907283,0.3706327391664753,67.84089007737012,29.053536705684802,0.11011261891226704,0.6149123435073431,57.53176086901054,0
0.4869477165022794,0.5375804165784797,0.24560165866273162,2.287276293122914,0.37416007860593525,42.702077751431545,30.936475549911645,0.05,0.7248828299941779,2.3333508263372096,1
0.4125315753013553,0.33056770351631004,0.3427376045470797,1.9595754883110654,0.21205894067639292,85.50494025843945,35.092931811063245,0.14768956931155036,0.7425967857098741,42.58832457483701,0
0.573011225323709,0.5835544301103001,0.16146394815555054,3.517775813175065,0.32921594049585634,36.28295341522261,77.79862367716582,0.11334294455745035,0.4171578438144935,120.05832307955666,1
0.52959701184354,0.6420332190730638,0.3593054050283021,1.5439083018771569,0.8924136723797056,76.64184036747892,50.166508621245065,0.23490122686280795,0.311049429598222,9.442418010695118,1
0.6160321422660527,0.27101430793554043,0.2611492932881147,2.0772623672009196,0.34159928518095106,76.41214951817342,40.51696801069377,0.5285723713681842,0.48965737773839085,219.22486189856386,1
0.34235882507165594,0.5586524991910061,0.38255570748695655,0.04908707140598745,0.261324237511236,40.516651436555556,16.307932700982075,0.26951660176182557,0.32544778584229234,240.23948530914674,0
0.4489489275675645,0.24890783972142363,0.39610934572320833,0.6750393134087591,0.5639855723689546,99.66747198845148,32.15384738219238,0.4735960159383489,0.5329913750818049,11.092080671497767,0
0.46614160525817977,0.8466231834264354,0.132691598749426,0.2991810001649595,0.477927048141628,64.63056960435038,17.8031385923042,0.2568769695339449,0.7264193761669379,468.1234757656957,1
0.5683470365132892,0.261408599093757,0.2418419236772782,2.774063583516149,0.4608813526301549,73.07785220542048,42.331662709242195,0.1370113762427285,0.46637207079016657,35.31519475495325,1
0.38101682041894486,0.6052174881920008,0.21444723120593762,0.0,0.781809193282418,29.457584093284886,32.10700463602285,0.23479160781208835,0.5299990179815478,8.784991515353214,0
0.6373480706387515,0.5687580051763151,0.11872720349268567,1.0976899772472772,0.609825335111673,102.3546000601713,13.132174805791571,0.3780638599477708,0.4812308767553267,1.0,1
0.6779623385776413,0.4632175644217868,0.1967466723790589,0.0,0.3940014136593049,35.508861195498206,31.216868751277545,0.38295625963212393,0.6605455144875396,52.513230428220496,1
0.3516691478546624,0.2658913677166634,0.544125584526534,0.6687121045181099,0.415104816481644,80.49772865531861,17.258737954255416,0.1424662631956921,0.366443521142342,99.37388530210121,0
0.4263690657659651,0.3697205016117182,0.360950989621244,1.0090510502681336,0.399482697218863,40.104565641366094,32.268243320063206,0.2253183695699299,0.06071074767138018,40.373547963323496,0
0.42021027375618614,0.0,0.4917287968605754,2.884871093794044,0.6749479243160514,47.62022394304635,17.11384025452115,0.05707331203288549,0.5941737718750761,181.22726255949314,0
0.8948579307016247,0.4448840076764501,0.3829098440018336,1.8966279392214571,0.4383704741093725,75.77508087770894,30.412314500412194,0.282466862469143,0.6975668842615987,126.09180958135376,1
0.435514984218817,0.4699230662056771,0.22581568389915244,0.6668584766710337,0.14136929950916988,80.55105427350314,41.25704792902642,0.35533546990558945,0.5892748489517071,43.103145769641024,0
0.7516438163234201,0.4266998838122743,0.2618228803325957,2.565963719731826,0.49033606425313114,34.57431501771796,29.20422012112341,0.20397994541160164,0.37195390090639724,132.5423808544004,1
0.31000520073400856,0.0,0.35884361802403075,1.5178322545297576,0.19259479977441418,81.80944338113989,24.13667599241417,0.13326159456398717,0.2729975803627862,282.1572886309374,0
0.3515523550753455,0.1468727109820378,0.34375062034730364,1.5375668587072524,0.9368461203509804,80.89960990266388,33.04914331586194,0.23601309512775628,0.5988995063560643,9.771867630217852,0
0.3970093202227699,0.2503818034302675,0.24226579842916662,0.29732849222800795,0.3068664172305538,41.24093182310215,40.457739311892794,0.2417459031363166,0.5282957905869348,36.543312819425516,0
0.3731466032830216,0.45833178663780927,0.1490006829420793,0.5099862860968607,0.46762704692845386,91.9729518718222,13.39225095177359,0.20811438318496203,0.474841474468334,62.23643317232258,0
0.45981518987622516,0.45786778112859694,0.6287761187388738,0.6749027000544756,0.5516405469402273,30.86284743503924,33.909842320578036,0.21787151243359532,0.8644926685987582,68.91354936566235,0
0.3936832695917753,0.3659552416057642,0.2858850327657194,1.5464612731541896,0.442268367864154,47.50454834444769,49.763112285261,0.18261851495306292,0.31063998116373365,78.13133583723403,0
0.377098761089814,0.5270491073207914,0.267426110681738,1.5778857269806748,0.4419939197067615,69.58005248183977,38.60485444915073,0.29959549282264064,0.8550074042254932,35.757092598028656,1
0.6737707994709992,0.19475152493942002,0.3113334463905302,3.044092663524045,0.5843654572321755,42.92867430594787,30.86631220000842,0.2736227445165127,0.506356780974128,110.03928108043284,1
0.6835690433769748,0.5220470011387993,0.2757271410688971,1.8850551679378342,0.8052431917592557,65.27638171358682,39.59606260048342,0.10168968528558509,0.13288590462582506,103.58755559544859,1
0.6423944747562973,0.49494842096797825,0.3122728907705484,0.0,0.6535018163634595,64.8215215760659,36.78744684154024,0.09894093968414053,0.46415946913617184,86.2327083452763,1
0.5785998433376492,0.47551094656758214,0.42869472861164193,1.7626419878716906,0.7957027757147086,56.258514601545585,41.30401663739721,0.1745625582973438,0.6918992153198882,12.076942741325434,1
0.5139114598669329,0.36359191378286887,0.2875451520313576,0.04998364383246723,0.2906761783812996,76.64801077181119,1.0,0.2736837124105179,0.42698899343900587,64.81124231037273,0
0.4254453964001137,0.7661487649662524,0.18372895606722384,0.5340290753884636,0.5634725266510723,55.43278414684722,6.6981579950510195,0.21480574138908148,0.20504429175232103,44.040892471956056,1
0.3570263742867362,0.49863913769797574,0.2838356205521389,0.6878305282736701,0.5310492104116559,64.63082137627612,45.072437242248554,0.13568495898773447,0.467097093640766,67.53828445376195,0
0.5544493555149032,0.20633282734928823,0.25355982185900894,0.8366616764876982,0.570218258335347,82.92943754975805,7.4208123575783915,0.22615185967258303,0.3285655252216588,254.933555152633,0
0.32395544111798036,0.4496610951471969,0.4423898937246851,0.12485060795969694,0.7752463941271146,75.8137242005168,36.02307953578808,0.1669189480477728,0.5983628802175925,65.49488035804193,0
0.350911860623691,0.5504966754148437,0.41711190647375707,1.7034820034522877,0.45584217004158917,75.72034581628417,24.719255159515626,0.28804864602241315,0.6546799632135223,1.407944367626175,0
0.6729369884307215,0.2823782802151381,0.31075250004307986,0.08919771490904083,0.41889932668918245,37.0164079556644,15.057161316060046,0.23330584350670475,0.2887459184503788,57.77433963395121,0
0.785097356258313,0.6178544493862198,0.17212641451807434,1.856667607249847,0.6067961594837328,70.49585151002644,35.2447463572121,0.16847218125478564,0.35883918897687006,171.84059275748854,1
0.5589942707249721,0.47640674114320214,0.17741077365600538,3.7369710770616296,0.14435945448683052,42.430024180609905,33.01550255574856,0.22315187720464616,0.6513284930213875,151.44046946991753,1
0.6659685728441966,0.0,0.30151232615845536,0.1706409410659362,0.45262959017556437,34.37170040443947,61.65513978144566,0.33150480595242016,0.32823114434020817,72.02924491864097,0
0.4631227523834025,0.4599343954675853,0.3336322969321281,1.215489695660778,0.4731604621429094,58.56587307430063,20.627831931961662,0.14303699234536227,0.28356837283440095,28.737413701451842,0
0.29934887208684735,0.31879416911745695,0.2625377180673945,0.0,0.3159282767386149,41.9140962669682,51.601651801037605,0.2402656981647161,0.26426177364074904,62.565427089396394,0
0.5918257427927875,0.5074359629083472,0.2519830415792766,1.1990647070298668,0.7114118022713154,75.81235437679955,35.286343715764716,0.19295396595340042,0.5704077225916241,82.94302857740415,1
0.5853933984905095,0.5888429680503628,0.2407200766821353,2.1427171526314837,0.28755193653134314,76.29070919390648,20.084671776859317,0.24269836838620998,0.5618315439034929,895.9101412028268,1
0.5107502830820366,0.43903240942836363,0.29766060397560534,2.220639231357267,0.47282539032724075,21.94747527137116,41.98869686275868,0.13454350584042696,0.3631907939241916,103.33249265832944,1
0.4636436812842333,0.7330504467889392,0.06172376479269348,1.5773637302840966,0.5586314450645937,43.433949208462195,38.48607756680927,0.2110335433159376,0.5010170792256469,118.50363365559832,1
0.6443315867871646,0.3642586230873009,0.189867337123029,2.3892634247589757,0.7706903122952238,30.804266561640024,30.53764942287074,0.3107823282416801,0.8054264768310262,67.61998877523027,1
0.3521400449858788,0.5249635646107751,0.23729491545526493,4.046054535942792,0.4978887130238293,50.74741446814219,33.99443034660935,0.10629930187538927,0.30518796861635566,43.77138810379709,1
0.3839329131664013,0.5609885147274695,0.42075031949519204,3.2123046874375993,0.6872307188256421,69.10351339737649,21.045194534317027,0.06705948966749184,0.1096514781979101,167.63952693828628,1
0.3487840239859358,0.38053080622145347,0.21861863580710705,0.9774790705903631,0.6401190794554255,55.15423803643223,17.613193121182398,0.07085444355130358,0.5910151151440741,68.30628474760438,0
0.5127459443953741,0.5557548615955565,0.31804681418312064,0.04889601353326145,0.5246915112338285,48.20481518665729,41.39163260733874,0.08293374697998111,0.4779197672196823,523.8187919456275,0
0.33681604818361127,0.2810654025675663,0.3226542750930996,1.0938485834261964,0.28209731834530893,86.00353053626279,26.64090863530089,0.25953232878926646,0.3579949826369797,61.08680357644233,0
0.39736367292271346,0.3154863161957563,0.4297916505660762,0.5530172343826518,0.2130838278191302,13.902856548074226,28.798755026263613,0.059414031413453444,0.6304160474709816,7.042276863948636,0
0.3941366656659203,0.1375022619327375,0.426257740696415,1.9513475478646327,0.5213010802838373,84.73743787036449,34.19732393916416,0.17021046552564695,0.667845028933758,114.75235920083556,0
0.4609087501499063,0.4482818232740094,0.29424970312050835,0.3188064605705019,0.3914606252194773,49.11423413689029,33.979325171757125,0.2618289303310708,0.05834439602398145,4.776421410832505,0
0.2768938330394035,0.46505033517086886,0.2524515258810557,1.4271775674096578,0.6838522183362583,58.43781979774421,8.560102935389029,0.24166590605485938,0.36948041813370236,28.83510920417588,0
0.5130807488055901,0.6358526317158459,0.23361668971743094,2.3380140545363104,0.6491713036197155,49.45273324559783,49.293781296822885,0.1614441020037515,0.963503246239371,43.65506758081166,1
0.6870955475997016,0.5582280008711767,0.2758936777534219,1.399304127182823,0.46307780111259006,90.85776211078237,31.817732278510174,0.2190923731755106,0.6166809831596382,134.50894087232626,1
0.5203237058475143,0.3430408886705134,0.25659666456763996,0.5536861772522036,0.26845741521174615,35.380430063894806,26.96020105766776,0.21071453297375684,0.6352207276594299,68.16849761491578,0
0.7311981717201981,0.16436406253314462,0.3553627409358232,2.674814057585692,0.6021471099214547,60.234727394438714,36.4626900775462,0.17757590444518137,0.7345788557262957,2.9064233810239566,1
0.7000997278815387,0.4865700805039948,0.3420309817485204,0.0,0.2964101107729699,70.54877303719994,33.548132904222946,0.17891652813454198,0.5034137650399452,95.93283334043015,1
0.6166602570871782,0.6221506344829284,0.35918011911450154,1.1722049441225368,0.34830721541382703,27.77994464229665,41.50594034234553,0.4235427434756961,0.659336832018324,53.0070010532739,1
0.5112028763955329,0.5510369947607887,0.4259283711436168,1.4583399766186653,0.30411685235696906,41.602036591076924,38.069755082264116,0.2809310903931301,0.6436124087674405,254.89270327613082,1
0.5033750582368159,0.6168955049714575,0.4862869121400177,1.515908658399631,0.4722997956120093,57.03642933003542,40.767693434944,0.44806509175121434,0.6078082993505518,69.22721857600422,1
0.614569965854489,0.3576220937603515,0.3124663393407557,1.6804960560780813,0.7340384668141123,42.2666993063125,50.264908585912735,0.15030368670794989,0.4355976058765191,123.43466063146326,1
0.44124940857439515,0.3066762063648709,0.40994637713956533,2.110439819809493,0.49899182595529423,43.688164575617,43.25436823456458,0.19150334031118527,0.5344117844732518,24.70117596164309,0
0.21762188727988047,0.2526197295536402,0.26483398161657845,1.464592560954649,0.41135626151446086,53.00274673847125,27.59270669507156,0.06678742347233527,0.38232768713864435,143.11811245131418,0
0.573800608115444,0.3888207066772809,0.41850069835830156,1.1319417178563194,0.19487701399095114,72.99162663292347,13.156482658847509,0.11904331979104277,0.5025628609132989,127.6383332509937,0
0.33033970550975433,0.3842818408062361,0.40615091571758444,1.0924106553403043,0.6104249169459686,53.14564446243711,55.01696899506773,0.39019131486625014,0.2663018215801466,234.42585805702674,0
0.35567881577144234,0.44133552570782325,0.4008415969942991,0.8884841979616454,0.3439190788142745,81.56852388945893,26.43414939979331,0.14779657101582439,0.34187520174540953,3.4406825911279206,0
0.5000335921993682,0.37414050859289844,0.30940698411915235,2.2875433243268652,0.5235035238316194,40.04484434681291,22.903388799592165,0.39192813001444593,0.4435375916150141,59.33031082470465,1
0.48573126836697955,0.37327445405464577,0.23316418360091112,0.8534715205234854,0.4291562768166719,34.96155479053095,3.94909773353341,0.07566377393201096,0.31125891371398473,113.6798393760581,0
0.28818865905265545,0.24466118940557124,0.16054715621345234,2.3467711090082446,0.6676354439198875,98.52690811442268,35.07709657968167,0.09465309659267232,0.3989965458509647,10.000145674472387,0
0.524823734619971,0.5883238027102982,0.29599627924789007,1.518999082259871,0.46855272159428957,46.840837446689775,32.23329905930655,0.1658768778976579,0.4672148046488968,52.865710919253175,1
0.6449209491291572,0.41530361244874225,0.4533012542249183,0.9787451931438704,0.48821472909538965,33.7817598585568,7.273275956257791,0.19362500783208222,0.5804524689328755,284.9843107380911,1
0.33074876446013257,0.3651112131429436,0.2690155098635927,2.118407215744135,0.597149429491092,25.158921164563395,36.799110631997635,0.29230872924501294,0.6898514603705819,57.2584883326817,0
0.6908724996273139,0.25051414935015903,0.37851265854600546,0.7725460752768818,0.9213880364526372,81.50206907617878,22.527121189478414,0.2450770417186266,0.4072431257243784,422.70614396118225,0
0.2659743762305084,0.1336173779217828,0.3843951400518931,2.1381840407282127,0.6776893860717109,53.17390970679882,70.3547251093304,0.15836847426559725,0.7670209234537249,5.8518343975120075,0
0.817598621655643,0.6615928385098688,0.2716313779072827,1.7127261211917848,0.48227877873027813,54.92580529867203,21.459582118636977,0.1866684193481894,0.6877222157250986,126.5244759449697,1
0.4383109354274775,0.5109277416263615,0.4316344837519519,0.9036753109080793,0.5006395981230577,56.815965768267205,23.4721000170331,0.16809370802153,0.6008187663887884,86.99231098066697,0
0.5218425495240336,0.07521643148600654,0.05,2.0286348153345592,0.39502810793511306,80.25885769339563,16.878356636184485,0.10853462646742702,0.5307298258593238,69.4227117746501,0
0.2161949641271495,0.5526284601419315,0.1777249721261825,2.046589725688639,0.3100008592960609,56.409403320481594,49.16814781562958,0.11120370633983784,0.5638241683737083,353.5211227277301,1
0.4906795900296037,0.5844962340466219,0.208436770364154,2.6575196058099575,0.3894498425867356,106.88107557665252,24.408363083028703,0.302788389143341,0.7374102301332763,13.886030953303766,1
0.5342723266577287,0.42487522446018594,0.218028497713261,2.466147012409296,0.34557020725761145,62.67521148108459,19.126287693517547,0.05,0.7447159319518547,226.33542999003495,1
0.4870756843850758,0.7196221791503519,0.33362629511858954,1.991274020726283,0.6306736767591771,81.23569533916643,40.60432514880814,0.3617358697445055,0.7669893456767287,117.51923344747941,1
0.415537838442144,0.4433439284245766,0.3290037803053902,0.3724090487912368,0.28576102842620277,76.10479715808813,9.294705968802223,0.1657005774397768,0.5082653663754007,29.974935450931174,0
0.35801532222082777,0.11663529441016202,0.3393990572175008,3.948586988174057,0.7666421122760089,59.271053594839245,39.37665819373421,0.122749139360784,0.6109934329997226,231.94174214481325,0
0.6695789929305966,0.47303380020966423,0.3596081494132487,0.09638378892818977,0.6504092767237659,48.260580279590734,56.720995749012864,0.27397592906972695,0.7687093013244103,56.0882696381899,1
0.5046210702496925,0.4489794603425459,0.20498954308543504,2.4492631742823088,0.5041003458735337,66.63927857133108,38.49911749252634,0.3485216584147117,0.37525679301672143,168.32315466983044,1
0.7311128564775158,0.27934063024436906,0.1781823933192681,1.9312838168862985,0.5000637222930137,70.20197462414546,39.568474743898875,0.31176324416039575,0.43631662925633924,49.23907893927941,1
0.42102764678076154,0.5147117673754851,0.3396319682007863,0.32585762751888536,0.3885437380770893,48.548279037469456,43.050903253612255,0.2501852049359891,0.5032073326026957,190.334483535075,0
0.43478079599416747,0.06646694676182763,0.2369767926353561,1.3756990611215008,0.5540168822695528,63.32677731901312,55.64562043013278,0.3086863489721836,0.6799197475958814,101.23312540374287,0
0.6223391366894244,0.598113365488558,0.14295249546320293,1.4212471137553595,0.7176184926417178,84.72409956519192,48.14840940028657,0.05,0.6830344301437246,15.204064669473869,1
0.25655375569946537,0.22437565927890948,0.39713442845414815,2.8055827158105235,0.3593687075488372,101.39895478139357,36.59504583409536,0.14781694585118518,0.4538271777604129,104.88601972120475,0
0.3179804959770616,0.20301077497659353,0.4395101906502298,0.7866890997197885,0.1933215822162539,77.08738640698843,43.558371009540025,0.10888299399751555,0.19827810912405797,21.238261184284127,0
0.6646227457029745,0.3772350455385046,0.45571608896986593,1.2380549935756462,0.6406436509713488,97.25519372760564,16.71097611802334,0.32246387312151753,0.5492367888591935,53.0896754526076,1
0.3242099106165208,0.4865945856087271,0.318700772147472,0.0,0.5648731948487601,47.41251577587089,41.64440386120983,0.16165219810761133,0.31633677253431974,18.668576722413587,0
0.2271423477046179,0.43278481271868596,0.36259320959729024,3.2347627931235774,0.2759602397117641,74.03764504118588,14.916660432243786,0.2845406556782056,0.20201275907195548,2.2262087270324353,0
0.7802790782109637,0.25146816684552437,0.43698682233619107,0.42953175697992885,0.35332172581717636,86.77039017162545,24.4946637205256,0.2535856942488638,0.24722568785325666,23.81132140195737,0
0.29092735281886917,0.2987821417616223,0.23585842099765658,1.826910864239175,0.3281791451899718,42.07333334056008,1.0,0.1137693063836319,0.5652762015691121,76.86728236170927,0
0.5276179097492254,0.17339153052450762,0.4110677684054092,1.398592170278136,0.3550935461931502,50.288197759099816,36.02144489051193,0.14130417900237158,0.7722074721865615,65.69328431391172,0
0.5103627789086407,0.355064019674026,0.32753962341432086,1.40199903321666,0.43526344919176246,94.758095236705,20.34191983337471,0.3293817690814726,0.5077789032472487,69.61458631901236,0
0.07840575250728749,0.615004242902182,0.3913711652342591,2.3098619848708752,0.44669053914385054,40.498022884261204,46.66717822806694,0.12245173513155866,0.5422761309291929,28.46026566520804,0
0.45990244652482865,0.3991474124712248,0.3186093020875935,3.171262460303635,0.369841268986308,33.177399346885785,35.852889159081045,0.21248676101954792,0.7365789877755851,115.5694519125736,1
0.5672619874218664,0.5718828509518906,0.4296256709748002,1.7514936699419916,0.34836723610001435,90.55963147279023,46.86143842052438,0.1217458713673555,0.19110901818328913,121.82857029835415,1
0.553146407227829,0.6910802675452383,0.3223523762541537,2.155078017630526,0.4542431312161237,83.93526449960876,13.746051829911934,0.16860478130841394,0.6040352843200543,44.31168605972615,1
0.6355281025705253,0.28239629619260664,0.15160209405325822,1.8288915367270409,0.5335383069719123,68.64240487967538,45.57579055739449,0.1953838056030028,0.49768204313623576,213.00621232245703,1
0.4418763027641849,0.3626853493889271,0.4451926632314722,2.5175314239306266,0.4367406927270311,59.08578490708345,61.587845165449906,0.12171334897025088,0.6132114917664134,103.28897655251075,0
0.6068756663138241,0.8342385722124991,0.20524692590278878,1.0370836205136729,0.7317334046682603,51.22950988790036,41.46237449897841,0.10395530460161184,0.40330321831923677,124.84099201780532,1
0.3966006397879892,0.6888686823959891,0.4253058210243914,2.5753905544164137,0.6016175428841573,65.63897747618103,41.85523513038433,0.22862733367774424,0.33641254191470354,32.4816316671343,1
0.28842988753808374,0.06551909483752949,0.29097571185596777,2.610499865647384,0.18183082862826083,91.596139148031,32.54396514592403,0.11552625912088238,0.5281017808571211,1.0,0
0.30534074364781516,0.47742966321218133,0.4176010985197707,2.58253700868291,0.6047455530827707,64.77132252284152,22.129968291519535,0.11893424443013274,0.8298382646668924,200.52666902353974,0
0.28068343172068777,0.4001119984679391,0.4134768614866765,0.839852132663524,0.6211087965171165,103.33918534493932,41.41788559052263,0.10609468562980294,0.6721820209082926,172.83587584126371,0
0.651437895183679,0.5652906221717525,0.3430142974315371,1.331662365762809,0.41305300637516174,42.041160287195396,7.4087563439689745,0.19220919536686817,0.3984614459639817,13.146711105521419,1
0.2728139736412165,0.2510042465029889,0.35085353176271306,1.739466988780435,0.20096048253936888,59.60638491343461,23.733673126187753,0.2943701634399841,0.23180559280374402,46.85728692012983,0
0.5411058260973954,0.2320783255918656,0.3422628617192566,0.12915795517099427,0.5016133518822272,52.53882664672169,3.434147964942266,0.3506528636312267,0.16358654326044286,108.275658254713,0
0.46011137088913506,0.2647858569412781,0.0986175243718922,3.0949202080860148,0.49845826970355117,38.29716913675334,19.445154340273756,0.12740819140062215,0.7632198903700963,105.58714051833873,1
0.4846027139824053,0.28561429076031347,0.3118330218898202,1.487723466497824,0.27567075269336105,56.938325339806894,39.63067637840342,0.4150310793331211,0.3089835423728345,196.8618384077223,0
0.7045410942799549,0.5630648333618029,0.18839358239281048,1.7839278876047215,0.2097561567480129,68.3465860332088,37.58090064330695,0.09952951392932041,0.4348973174010127,15.113475421440508,1
0.434235894917709,0.163759765370224,0.3171187143745663,0.922995560272797,0.4824892907093121,70.4846035990406,30.76370543303209,0.308354852332787,0.7642422252155152,56.20132180998463,0
0.5917402342324525,0.27547722000813624,0.18570574536167844,0.17312244063297721,0.45338456158983564,103.40904357889113,32.55601491093016,0.12783035459845576,0.17721970890420163,10.228128128803107,0
0.5056345027071668,0.042197521899711765,0.18150480587739248,0.895970114525229,0.41654692693552126,69.2893493944712,1.7120307320368582,0.11290767301299898,0.7984529018950117,49.36330147018012,0
0.47719716415509533,0.6014235646824746,0.4604934501753902,1.7192041876335884,0.48331785305068775,83.00273607359232,24.411565791436278,0.12552438432156116,0.4492719092214996,1.5222725574830336,1
0.844995368657971,0.6542060198862281,0.406944738812419,2.1734288127536936,0.27944472523593616,61.32188492597952,19.77972590347185,0.1947552300350881,0.27028333695225226,228.54631644851747,1
0.2837987381426945,0.3345853138272427,0.29958574150558454,1.6617915406027202,0.41303587742677716,93.5611120090519,20.114104642281887,0.25799721710336104,0.45052981457021735,74.87529113676345,0
0.6933697753156167,0.3404101270373554,0.31847686502490236,1.8467240162419505,0.6066650061228696,107.96898571176139,38.9936794172063,0.26698680379048223,0.35548064371970445,189.58025917118135,1
0.5984609848234959,0.4906443804565795,0.2752083974256991,1.1629736253186234,0.4300059839297422,70.621702619519,17.092390102420342,0.10560149846521118,0.5881639597811431,6.177402694557097,1
0.4280712508052324,0.6948964014756511,0.35698763759795227,1.9962485662454281,0.16560550564148957,40.14681969096837,20.929787248088836,0.10103407124887315,0.37037351322244444,25.806904575538702,1
0.7443977776162418,0.48172214951278347,0.2323945633451195,2.982832866385907,0.40546154445528565,49.02389954445663,1.0,0.1083361306636453,0.11767155781619137,30.02675992838239,1
0.22278348314171953,0.2604916115049771,0.39937402628679575,2.2047894424389867,0.2859683072986279,65.63868606410324,25.588152294357457,0.1888645597614489,0.4558874931182021,48.88871982558968,0
0.42173500140513925,0.07623548560271193,0.2746913158985889,2.3095418882529404,0.5534272592923462,69.12996070501292,13.682436784295703,0.17898443958091254,0.22869098954269218,162.38734674914187,0
0.3187276693596386,0.17697474746730246,0.2580153004168771,1.794016399306631,0.5637674806760851,73.96850268768743,31.188043930344655,0.10498245379302051,0.540863976797664,48.866935299153965,0
0.561812519730719,0.414643890062493,0.3021713018484843,0.0,0.16824507498279379,69.20395362460081,15.733379298863031,0.2269603694063244,0.26257393354333514,22.897744750054375,0
0.33304038482192333,0.26893449535984115,0.24088531700743893,0.45533346936875674,0.6518025941164378,60.13969832511877,31.568133683238244,0.42625688083353186,0.4023974393655828,6.719833299772373,0
0.5649595920111978,0.43899354119815176,0.3328682349496483,1.9548758006638434,0.2775627397442883,47.27603117595743,27.829713588864852,0.14952845381648489,0.5365175608428673,8.282931403922984,1
0.4720345376267669,0.28941519675275323,0.24626374106866,1.4890609480399142,0.8118364580964703,68.02276522528459,55.08062659563481,0.15664881787964666,0.45750825499314607,142.73130664905293,0
0.42809690860158733,0.1883707137411177,0.3468523602818836,1.939842886472828,0.49024474709987664,97.09974714961314,37.45826970679791,0.25596615703243686,0.5500860566002089,58.84322571178742,0
0.5582970869049966,0.1645936737093858,0.42160065389114765,3.176423417844074,0.25072130029216755,80.3985721085551,2.4054319115654543,0.1441183708263205,0.6360574331435513,129.52884203673312,1
0.4597067564092904,0.712470901874646,0.22806783131918262,2.2260359992293335,0.2716027858614637,70.69407899272396,11.026667338459372,0.26689644817181823,0.2684132600537388,114.66072026884278,1
0.3367047735411442,0.5777975498367287,0.28694245427048287,2.7588862057428214,0.569619058357469,80.59133847645502,30.828120134884998,0.12814572932209597,0.4871204918750584,14.544489080496806,1
0.9202059484452467,0.7461035903655917,0.34613307130354215,1.5946813894707301,0.42174002202032446,52.57871942198295,16.052280774110237,0.3832119607577301,0.0,15.418660369682453,1
0.4269249225456283,0.5079901801510206,0.2564142645018593,0.6927843225155602,0.48066921807637186,49.83469707833359,1.0,0.23447749725922945,0.5494666603365048,140.78940250909693,0
0.1673586379771978,0.3140017182770322,0.3464320560826665,1.442133840785659,0.822556046539408,45.04429791268036,50.24319470750615,0.13799770509232887,0.4398371739250315,127.75055852148594,0
0.3736851965417917,0.6646681844979876,0.355539886065174,0.6952481862808622,0.3601511871541849,57.49426754461124,40.80336025358112,0.14113083005307261,0.3033100473044057,47.48646518945145,0
0.3099084967440905,0.39338639972764644,0.4083261776294304,3.058294956772448,0.5119925715391414,51.5598820658184,37.814653102376575,0.14862002472919653,0.5631438844593049,8.058363922787661,0
0.6239218424060773,0.4441683540580705,0.2394009953915088,2.2903910765354696,0.7839688974746106,84.16549481304278,20.890154317936272,0.3372749666248873,0.7345395154370135,1.217179840152656,1
0.5482478989387379,0.39143512418489623,0.20572247597695253,2.0205124966282795,0.55410269509328,50.493531646356224,36.415151565148946,0.07312489923987167,0.4047964504802114,33.98978265067291,1
0.5598069202685516,0.0,0.2692422610436256,2.7359432022281034,0.17867945292839882,43.94556567550167,19.434595136686777,0.13320583295404953,0.31103710195165596,1.0,0
0.44449663012441337,0.7209470024589707,0.20322476604529,0.0,0.6010778023464274,98.85154357661264,33.07285950326536,0.1438339443074574,0.5330050524877423,26.14590817038624,1
0.45809746294146175,0.4982007891915507,0.3564498204047497,2.0881379513426594,0.26739942844331116,50.972495378373125,16.191251612452838,0.19843120332430622,0.23287866667072787,54.3866752972202,1
0.44436033445884976,0.46596461217370205,0.18382486998235886,0.18935421569562738,0.781361505746593,63.07056914500702,52.74432675834021,0.17288903073532055,0.36792372589289213,12.944349127542223,0
0.48782102237967956,0.3876447875458879,0.5333016418252688,1.492744301534339,0.33542647900040445,69.02645649486823,6.446450188772332,0.05087721686095373,0.7444804323301004,11.012491164623947,0
0.6253000153047252,0.43268556407722625,0.42959278615737506,1.1882924075327854,1.0,37.266137621583695,48.48425744266247,0.16001773164045324,0.5124358459624575,226.75793630953584,1
0.550411311875802,0.2805442128307505,0.3012575769600314,2.1617366120969477,0.7934751976655356,84.70967539006139,30.583737420259954,0.19004493168150316,0.12410660721076672,88.06100006827411,1
0.57501692444313,0.5233158704614542,0.3867394492997976,1.7281872889609553,0.3406774860744043,72.74238080822455,22.65799506987014,0.13719021649202168,0.14060167054411976,272.5028827116777,1
0.5749338362373804,0.13858033112017354,0.1363198135689208,2.845117173611788,0.5040027610003222,91.16768023761563,32.505043825436076,0.26867754890476647,0.5324171385293551,42.43821582356716,1
0.6326663656072606,0.4372136864941094,0.5523373331399558,0.8981028390673864,0.6507288563266928,46.415561255637996,41.00022010767272,0.2919408428753647,0.6724781151835375,113.05517788468053,0
0.5432225062310382,0.5123146941142209,0.24097853877995104,2.209114389633284,0.6567320948453416,61.9825158495232,50.50120105041596,0.19216133002706073,0.17647570827476994,22.902540885026347,1
0.5538272109018378,0.36026617323541943,0.287950258610064,1.662223216898832,0.5884672519952394,60.787115099883906,34.69714534700298,0.22305415868507295,0.5899425214993017,96.32259503793915,1
0.6783209361789735,0.47417355849420495,0.11440667128115631,0.0,0.750431807393222,65.27776988700043,16.63955872106584,0.05,0.7660687014979437,13.878600826529297,1
0.4002431122995332,0.20173312155314996,0.3486287304740895,0.5813835414769674,0.4754062106731261,30.907705028456782,30.83445185648683,0.15788972278381683,0.8775717975917278,1.0,0
0.37163861300727397,0.20683464582080718,0.1893655842922891,1.3501219664778317,0.42665646628479337,62.216727573844445,57.25189854993559,0.3004821691757913,0.5662445519719752,268.13858956677217,0
0.3221117601219716,0.4473434242052787,0.3101655761566029,2.6122924498917275,0.4306272024150779,31.470721771525096,50.21517128268936,0.15765634168207227,0.6013605189104949,80.94436680709495,1
0.5274371845430383,0.5357099309242104,0.24557255670754619,1.9637230575571145,0.6716746463944254,67.16668142393843,43.63145217186538,0.12627383236080392,0.07336311447437116,261.64833294059366,1
0.2219401638171315,0.025026868899657828,0.19222560650696563,0.3324991761192857,0.5730362080605292,17.427017509629607,41.9353053018358,0.42776889260309314,0.9199505095991978,40.62126730183031,0
0.5693231144089516,0.5044041270221533,0.21956384982373828,1.3596837719528403,0.5582567331380512,22.96826331418827,40.49175135909813,0.38190771901958054,0.3849019573807757,39.7178639659754,1
0.4836210358249171,0.2913596999247326,0.3225788034085521,3.51780644879303,0.6590468498514364,76.37097432879997,47.381322517648044,0.24675749124821572,0.3133057683149917,51.19178896930101,1
0.6701959549731585,0.3614387825385175,0.17185090271311754,1.611223334840858,0.089789518429229,49.06323089610434,23.15056821417142,0.3138910611480048,0.4489587731120751,122.43149225789678,1
0.39921240343025144,0.13209641528699256,0.22511883289764228,1.1726744249276042,0.5620137647750301,40.24283852735518,9.673709013374907,0.05,0.8023346828370863,83.42699070101288,0
0.469502257187374,0.22967655196265838,0.3663273381264478,1.9917396407562205,0.5437137777747432,85.41691242151096,31.03505251105592,0.12124485593712936,0.9416092095087096,259.5010491907969,0
0.6683304999940053,0.5932250651060623,0.5602479874874313,2.26339307958197,0.8337616162601411,66.5525243465683,17.736276198334636,0.15300421268268485,0.5250817358951689,2.57701165500699,1
0.7074703470167228,0.40657267479604264,0.34775888195530047,1.043831652519941,0.19428240354726656,77.44180391067567,14.174688669342233,0.17640199011330537,0.6996168345207311,123.16727224027358,1
0.397977145137227,0.3234443196580883,0.20827383578227124,2.0025747743714373,0.8114373264753516,56.675158553583394,19.195821351181024,0.15100559790260376,0.5086408097371008,40.09667748467677,0
0.527267184888074,0.37670232947379306,0.2632885829927689,1.1711105033291909,0.5150818257849331,113.59257387800005,67.27970886800529,0.05,0.2924409053963632,19.873592056933305,0
0.5441628466526072,0.49784236493286027,0.3031589006152578,2.2193276018294386,0.597797906132009,47.9097227888041,32.04186951113766,0.238602461870856,0.7953487341576582,71.41576068928201,1
0.5560480108431722,0.4880988992326676,0.26505750493642927,1.6696931579712837,0.8351837575218753,94.88991098719777,35.428617545414824,0.2543654128280607,0.3755745039287222,70.33263816454989,1
0.4606136511026567,0.38499459992063984,0.3903058166736933,1.9819678270528922,0.6121522536011146,58.77267919800174,11.664557894936188,0.36018987915899814,0.8071061546743765,14.735336745710939,0
0.6922075097185452,0.6185918221793337,0.32174734830142243,0.7408164538324956,0.5800736578925122,26.909792101745083,2.3437056181105547,0.12116907352250367,0.7597082659538168,22.551643454226667,1
0.2165444774567682,0.5940925273813332,0.390785238490987,0.6787136159271407,0.5484582371604637,69.65697491496218,17.71421035321791,0.11298368422200979,0.6228072527914417,52.45268329606105,0
0.4368304647798374,0.4826744058260792,0.26855562097023705,2.4454973046593946,0.4033043730011246,66.29525122910327,51.57293377813122,0.05,0.8657949512508707,52.56202133103708,1
0.567189609915942,0.4109223565820141,0.43255002197212566,1.4206036186145063,0.4943021750979214,38.973563715215406,35.01413199114781,0.1706433163409114,0.9464692066371476,38.20779418075257,1
0.5685837217924016,0.5314642190239078,0.2833514415718454,1.7850347420993615,0.35689744677545027,41.55561445730571,38.97892637166588,0.29011117810621717,0.4649513274071377,16.080880613379435,1
0.7029138545922144,0.4628534843602367,0.20288101308620082,1.1936045729134803,0.4910866201149036,59.506047138300154,41.078490588030924,0.13882321378072807,0.33824117631671374,1.0,1
0.679733808980193,0.6121600143611896,0.5177320381042221,2.398726774013644,0.03281386058898067,66.99495630495963,21.129759303025835,0.41434448185436484,0.1271460325487055,351.44241697423496,1
0.45716875620391645,0.5799122753476615,0.11750222530388829,0.8921900199703423,0.5858079135135097,10.586734342411987,50.819483759600516,0.17434051642104764,0.9489364510860512,287.35010073638637,1
0.6949806865295907,0.1963492197164543,0.22612612746950722,1.3643987600991172,0.4756525492432749,81.06242905047606,20.507886011667267,0.21469922842885558,0.41206359821631006,66.09711832043665,1
0.39289373843338177,0.18280736585165874,0.23729721481696053,2.2859928127031317,0.43275925266664717,50.11004052370045,51.09348538893829,0.06368969194184063,0.7270073714203479,530.8721962114954,0
0.6396331074187755,0.2597500911191848,0.5508306273056564,2.672967699164266,0.5439516167880286,33.36505031203647,36.63453234203011,0.22872203451752796,0.35174892649810335,111.97981243497507,1
0.771578371763149,0.5952277380133842,0.48068588841465115,0.9762407089733166,0.21328721540691187,78.82133102903862,3.1643226863051694,0.05,0.8076531281824071,7.13429925818546,1
0.6822416160282454,0.08473820064575088,0.44939281436421974,3.459683981955883,0.8858539993242565,59.52764041163088,18.779857700991975,0.2693697955013145,0.3599764816369173,12.524377183140428,1
0.5158655575286185,0.4789514778215987,0.2669341337623668,1.8132416936936164,0.47944650770248004,84.3233155356451,3.225922006918431,0.2724428176235412,0.26165617327653135,247.8258921414458,1
0.4502331842341817,0.4725086182185923,0.5426178003841775,0.45707173819126234,0.4708311134055621,68.75904525959511,47.44923199191313,0.335929142433651,0.4582987138092499,99.43933701884463,0
0.27071130556110706,0.6325296117372385,0.3368352003840971,1.869052048589968,0.30692075797341556,59.96970994103908,29.628968687963983,0.09800312812323114,0.39364485980767255,185.26797546892914,1
0.5465809456871306,0.4360677381327775,0.39772633703031224,1.1170007855165422,0.5047892764898523,56.94540110039688,1.0,0.21605621182974194,0.6192599570922425,228.542959010342,0
0.3327174158043621,0.13135812188321988,0.3179695381106207,1.9340684871831768,0.7773919780546561,69.65425521112276,35.63620322579487,0.2563816559386504,0.48972101456149525,59.41021861979564,0
0.38102980045790946,0.20812900787037544,0.2950533428676748,1.457143752339662,0.7071832418864068,51.729374823813394,21.9425360641752,0.244228163833031,0.6255404789103843,4.974286700221885,0
0.3213881298894993,0.1636008956204351,0.27482213260736205,1.5742736901901448,0.6708875502281112,42.94854822507001,7.742912174500152,0.11347007248651488,0.4417957053829412,20.860025569818177,0
0.43094115010150175,0.29241120673337195,0.27903600065808376,0.5884066234138541,0.6092797903334544,72.19818245309288,55.16948755453046,0.05,0.3669785257962389,6.889139160310378,0
0.49580458782695264,0.3634196865152146,0.3608491648678079,2.49006123071636,0.42829149448747805,57.110243171111414,31.60928799144868,0.23469602968844813,0.3832878904207853,20.916649418362994,1
0.5410421871748557,0.16691169475578863,0.33671997987753877,0.34387263284896785,0.20996736659265963,60.67135296138012,25.59852896530031,0.18475003216900807,0.9089877596062053,52.85364154516373,0
0.4099240046879055,0.6941323981304579,0.2968528629796316,0.3912351045950049,0.459792245626673,81.78759672309215,24.008628285209745,0.143332940703856,0.5450341864453871,12.578638904849443,1
0.6603925559592775,0.1349437256095118,0.45095239926988545,1.8673603491474866,0.45282570709326453,57.72246784528518,7.300807962633417,0.27639453637154665,0.10324755810939107,18.240145735233114,0
0.4687692113015051,0.6692206847724962,0.05,3.10284424717797,0.7097588879342482,60.30067851083581,10.431766506238358,0.1955080461845567,0.3959581973091838,59.02689509555464,1
0.3818416350101721,0.6370326062878682,0.3509887247921195,1.1474069029355927,0.5618780884919641,48.00700977098136,49.27375177312625,0.06808049472322006,0.5193732064951752,41.57744932521718,1
0.5339438400865154,0.5796605099378072,0.37177387066589795,2.200972322703966,0.8224623055807097,68.61479867963702,22.891756953214212,0.05,0.8690799362500758,63.04693723279991,1
0.7945329250315724,0.2612466785006499,0.41469628682551696,2.573340176863545,0.7394977080076349,66.99655825360176,30.331015514052954,0.08710367348668346,0.7057397431779799,56.066738925267586,1
0.5502740849802676,0.46849017583538033,0.29351285589466386,2.314684437294069,0.4087008780991809,78.01550263581116,1.0,0.4393012294766787,0.315656432703617,103.41682200594605,1
0.4455716558939589,0.14452577328987642,0.32079200673839575,1.1887917108263186,0.1409741606760263,48.417423259862474,10.228619463067414,0.2722776773932773,0.9836711507144902,276.7633800179827,0
0.27088079658219444,0.5821814070067499,0.39859483833147213,0.40895328280592547,0.7771150467882962,50.84366060819629,39.147187798121294,0.2188612341975012,0.49376792703970446,11.413707102025825,0
0.46708815185418945,0.38520304369274627,0.449116640428018,0.0,0.7718770446461489,75.84274798290939,35.6656764017075,0.18183390728141954,0.7492659622149889,10.453879703794735,0
0.5352392187632173,0.31813595708266296,0.2699464014821232,1.2371595005376068,0.22675768181955475,65.04426006725727,56.30062798086473,0.17526070600525645,0.2689983005200195,191.60045891123488,0
0.4418628663116645,0.15525103066874615,0.32669757831275603,2.6780873685621747,0.8018480039655002,41.87563747614611,50.144344974468396,0.3167195983359095,0.020367380949820435,70.60231302634452,0
0.2501923042638501,0.0,0.4678573964348757,0.3758340152380659,0.5764234341185036,86.13108135469001,26.539335412727652,0.15094042580965686,0.21831370192632782,145.4166533261194,0
0.37241519157448494,0.19229182859284882,0.08759729241211486,2.2002098475187655,0.5321370996251306,26.03098863199498,37.09430347069907,0.2576920410684293,0.0,24.260916250598083,0
0.7181807691331636,0.6225596391225814,0.23099874001854148,0.5498474699481278,0.8229566508494655,75.68569506527504,25.25094835645389,0.1651572049708406,0.9224178654505817,176.52883795589943,1
0.7151001505595691,0.3194333143050392,0.44658359786029633,1.6060725763868382,0.7689370346461231,34.69575928003607,60.822147279579724,0.3940156631835063,0.5429065837772832,257.50058696018357,1
0.3670041246193103,0.3661342285769906,0.4092537833608303,2.207791614155018,0.6302661903990407,97.71577032971054,47.235220440785994,0.2742288507578304,0.3150711963103937,100.9182132038732,0
0.6009135180799132,0.5311108716576906,0.3522445210926694,0.8405045631615722,0.5946434131623966,29.108005461887533,32.54527636286627,0.32455568146836256,0.5905248059960242,11.191419022767933,1
0.32321408228447396,0.761133775623253,0.255140312689088,1.670484680696914,0.6232788581060719,83.04501303745496,33.005921773145275,0.14155902253117614,0.5378668072360332,225.66066318292687,1
0.7106474422992428,0.6650009309891278,0.21181815010145805,1.0849086632746712,0.41998851322349484,58.36731279977512,51.67275430889712,0.3058136112567422,0.6241866791227982,157.25647958559173,1
0.5367853771841354,0.20553299923676238,0.24087843807576262,2.205148658938177,0.4889797100535358,52.66794860322512,38.69366770670771,0.16874225746053093,0.7419062802272537,138.9811645576974,0
0.64244622479248,0.01148588571251874,0.4548008220818692,1.7353171684846371,0.31953656908109146,63.707933129355226,53.37942025605129,0.21100348239328492,0.4420157693949969,3.741965249933094,0
0.24273599792261918,0.8719228518200208,0.23715573108446536,1.5565076744292674,0.4333920448522162,72.63800678315626,1.0,0.36350476706194584,0.32403213877980264,160.42639467935135,1
0.6016455652887333,0.8537983223318908,0.3101422964239658,3.0583499601419777,0.4266732242662134,41.91198995338261,36.91842392248197,0.09572249432435809,0.6655550428743835,14.844317753004566,1
0.4988488904473245,0.43769071928585657,0.22462923551382538,2.162306142368302,0.37293892607566703,43.684245496628556,22.268477029779227,0.22032477313054005,0.6604665555768932,25.15252484693484,1
0.6277893606186264,0.14590235088363568,0.3842774030099027,0.8096481338737109,0.5273493005296926,72.99209730225772,56.345669814419885,0.2438005258518727,0.520147161624269,86.07019093063306,0
0.6372301697146774,0.5926453067787879,0.24612737196535586,1.414136099202238,0.43520382985988454,25.853140927008,53.195980307847435,0.252000438080081,0.9355108377361545,30.785862081469105,1
0.5098677034212125,0.378403262797478,0.29024061098455856,1.4241012149203391,0.6004469440703948,48.31541813615829,30.4925371365196,0.15492155069065347,0.41243557542766957,108.27828567515208,0
0.40987555413561283,0.3774037753786779,0.13166178669571743,1.580319572625212,0.17553587734124693,120.8137390831888,53.03446468216548,0.40862641008080813,0.3200284056729463,93.6673168860149,0
0.6169544273269242,0.5788917686210259,0.138663176379506,4.024509276607494,0.4773290411785401,40.63974070821438,56.74671779988759,0.07050681146597398,0.5836182855013203,11.445687124435292,1
0.49097682508923085,0.46687494937465973,0.3007673193321506,1.8708518927109967,0.5263103280354992,82.95605583519506,31.11610007889221,0.34588853886324694,0.3650124286173003,106.71560050403524,1
0.3690822569708536,0.16283701779701099,0.1674842844802238,0.0,0.43787415203262386,48.28098462572376,67.07900658647786,0.3215065605591639,0.5991033048289791,257.64288228465546,0
0.36197716528134716,0.33505161298360525,0.5105086639334502,0.9572010282830349,0.46552146003815376,70.18090289594288,29.529882709954162,0.3900888789603685,0.333398348832112,17.567557654949784,0
0.2784253375531428,0.5322305857322693,0.09384768878877503,0.0,0.1829507978540285,73.08711381192435,26.782185744961367,0.05,0.4199515434136229,90.89726270002939,0
0.4234563260655405,0.5020504444810038,0.21998247013358957,1.1702017429541602,0.5712954209338984,82.57913470365895,42.98808882876515,0.11311685121102898,0.8781680840078331,41.834576666502024,1
0.6654038069111567,0.45240331487169516,0.30167008672675505,0.0,0.6295211965134141,55.994923463744485,24.693139032865293,0.34919430591616407,0.4188825286504642,61.54672715260925,1
0.5266744699558151,0.5866845908951729,0.26348670622042153,0.628409528931572,0.5987074588407534,99.77769277509707,31.280096636923407,0.05,0.34022969119654073,33.82741097305233,1
0.4205348441115439,0.3276566024365471,0.18958545433360807,0.0,0.7077454118884365,48.2132687082964,51.141516360763646,0.05,0.7341357577413,43.71580190978984,0
0.6207283907270119,0.4357339550438144,0.20420721605047318,1.8841601779674775,0.5403059211565004,64.6844082719912,30.288282783259056,0.15116922132885083,0.2897916099426613,2.9338004583695394,1
0.3751285067414917,0.0,0.20093459225007615,1.5005393626288785,0.5957362361301874,64.90553864435215,4.574733105370385,0.21919937886222676,0.3614113539705864,399.2785108987646,0
0.5143025411499168,0.31006996123143726,0.2713278305179937,1.802962307498731,0.5312181476913704,37.56063760101169,35.50979081773795,0.3592225073648775,0.615312224101799,98.02958541548551,0
0.4730554440911727,0.5527805817151289,0.4951929089517424,1.3954486114314737,0.6375101439184988,54.28255490041759,19.55559631421408,0.1814734085069642,0.6876822847746584,69.45593582013555,1
0.6168695938382528,0.3219211065765715,0.30779372965582097,0.10570224979558218,0.18455407277357555,63.23026998476815,42.97906735941819,0.13917608519354607,0.7440952782162149,48.404632721461525,0
0.26341574436207493,0.30675452165657763,0.4182900489387524,2.013521369254735,0.3212838064043978,51.357579137411605,40.44284573739368,0.23113899376964273,0.350555633555903,77.51700582621211,0
0.3724703381278016,0.1917094096450363,0.35069763458281417,3.422224560269453,0.8173799314066182,108.8184793091307,52.07100522249783,0.2469596483294401,0.619201734597224,47.82067812299476,0
0.25426315113582,0.6006731785458291,0.41138623979822203,1.9092125786065468,0.007912835580758948,43.227526528009385,43.61298451189045,0.24412398221702714,0.4067783600911641,44.61432496846149,0
0.4610604917286095,0.5096926547081142,0.05,1.074075400682434,0.4719644140349312,83.58848936280856,46.35366425487097,0.1822013792048655,0.37886887329787355,62.352138729133955,1
0.6817141255448645,0.565082919564617,0.26955419788517704,0.07193282389455491,0.7344549919216137,77.12919626297573,19.9635485979343,0.05,0.7406425564584571,32.29404527151824,1
0.42418291855197093,0.054757207608422065,0.43071354231507136,0.5919330292400347,0.4813478668916471,59.72275730991457,42.059797438357535,0.10823840108936679,0.3900891208280828,19.851179419352583,0
0.4233974092706524,0.36790999134687324,0.24282641772506663,1.953039656572059,0.4189977857098605,42.69581892295506,59.52676934040436,0.3420271085267462,0.555640919204196,81.32962840541505,0
0.6307586636276205,0.34397779844999876,0.4762473164869612,2.573118026799375,0.5258843353630601,44.6348935921646,19.67025137044849,0.21870689379766,0.5311158938461278,185.00165513378732,1
0.660282433768295,0.34388565868028953,0.4483890153767761,1.760866174721976,0.42937596399951067,49.6406540156698,56.996074375906474,0.16774778808929433,0.2858491247322995,16.585174507560115,1
0.4867143399096815,0.27679449125640887,0.2530869283872538,2.2998872897059837,0.5061698985513878,24.285174361074738,21.75974863198004,0.3118168548373975,0.6932185710712642,3.328209592720817,1
0.6027072281074838,0.33077914564399696,0.2496836480953643,2.207678244027243,0.36332379269597403,39.93069148401419,17.220431324250384,0.08698833676310516,0.6120561787357908,28.344007599310167,1
0.33845681886830803,0.5699289565413304,0.19863941576455313,2.0065343913859177,0.7217348839911448,30.35046969272715,34.44300665032257,0.17746518662869926,0.1027418776259158,389.8151829254172,1
0.706696150088812,0.01742972933043413,0.23704057681362023,0.8415264047387441,0.7846529842131322,86.91750006355434,40.73865624193214,0.21377584051740373,0.5554842222474686,176.46779488977145,0
0.8223059440905577,0.7554589536060907,0.17674109358310847,1.6739235119751525,0.4733219355776755,72.36924784776437,43.67625185958397,0.15586224967053708,0.3454053131666758,90.60089052999747,1
0.5781823686783087,0.49676822500529233,0.34288111804330057,0.6516221961178618,0.22270211586175132,75.71948197730921,15.573563688401972,0.2100762822901599,0.7194150612825255,264.8587410323832,1
0.18735025679857992,0.39153362086795745,0.15439535066535665,1.5174289529581018,0.39523136593732094,71.77663903083895,36.51810145881436,0.1812306068578235,0.21092003264384834,58.92902049592319,0
0.4162654606403324,0.5813668292745853,0.36037330161902215,1.830863531066912,0.46320226797940717,63.339352466683266,19.716681427747424,0.0600656952214125,0.4287046062740912,409.1185711160051,1
0.5919237982503982,0.10963305096631298,0.3628078696900249,3.178783807386855,0.6011077753806416,89.21360664258273,7.666166158941351,0.21814778818790562,0.5724049101976931,35.14060562512934,1
0.43677755042504557,0.26705981896979725,0.13387955948160774,0.1902680256323679,0.2983973553658644,47.78474688536525,16.068955267008228,0.06716482084871325,0.510868058828375,27.483922864157474,0
0.6908297831375146,0.37578491352188925,0.45498186063283397,1.9815076309913053,0.3461675362715698,62.1333931073409,18.736494510662727,0.21656151250967223,0.6525916513427943,101.62442283617352,1
0.5882235896653798,0.6731120740864356,0.3513609294415222,2.9812365916235946,0.6021352275717615,74.94117655648246,37.823927405287606,0.33741358241501096,0.19631560279814214,47.50627537829578,1
0.3940286748851305,0.3907006837746884,0.3749698021444869,2.258847765838796,0.6877817664079116,33.57581536287742,47.283204946030025,0.17189768027239458,0.8303828673734757,98.44773444829987,0
0.5048397216156879,0.4900109342370293,0.22413347984572274,2.3329454428250416,0.37568119096586317,121.93177792285098,7.901900551871002,0.08285168700290138,0.6050289317576543,36.38369849527921,1
0.3659250169041365,0.28208420081277447,0.36223791184731186,2.0876949018678124,0.2333565892098008,60.571315255551724,35.27941611312083,0.18730121867950197,0.7719436426001792,96.21207059324841,0
0.47261226823813374,0.4973684137934982,0.41263934497220656,2.7983344897754168,1.0,62.839789011511854,12.349527213436403,0.11680288919214687,0.6748480338466484,32.26134791910687,1
0.4168110139351172,0.7354479185948914,0.2901391600995323,0.41252183188763203,0.6566608474177427,85.13756063349844,39.43628113521001,0.259450900263147,0.4976779771089913,5.231704858076585,1
0.6762142700349557,0.5991053383348228,0.5001922459248361,0.1140733340297535,0.44659924764659364,78.29910666020447,20.659041284943783,0.18520112524771465,0.24316035781776785,243.19639982623463,1
0.8174018085246493,0.3837088024444241,0.30440646349129374,1.493665859534744,0.673806255106168,60.76156038792918,14.230064729650817,0.37097632516645734,0.3872893637502598,214.73367461676548,1
0.2853217500146372,0.535098169453094,0.41407858004524745,0.0,0.4751086740571156,62.60258876196084,41.994967730213624,0.31629895956773385,0.8179126665725155,353.3523190643518,0
0.2115175570685372,0.5155033909214424,0.3293008807258655,2.7306458041780113,0.6734313778200373,29.91702938104042,21.196160918323578,0.18469194955185975,0.7770875563312765,126.06390200966584,1
0.4632241367222921,0.5013175343394551,0.3585521532856868,2.7207151954954414,0.5318786395552444,48.87068444300048,25.260540729709525,0.2715609067973091,0.376080003979262,114.79743261921465,1
0.2722376451756976,0.6223906721720818,0.13286677323652277,1.0666494449154738,0.5182543796335146,70.34420432317921,1.0,0.16067635908371547,0.0,81.87173651804547,1
0.5069317405506376,0.6208955407674933,0.3371053738215363,1.1292294033394903,0.47728362635384225,68.87785678085773,44.198270421352106,0.20339568851651685,0.45746205313897625,13.460902031675475,1
0.612340417070889,0.3745682806250232,0.2265024898742734,1.4276525248493286,0.210523733307382,84.42331500008174,42.313627817536606,0.16385658036496878,0.4424594223741767,20.977741610409666,1
0.7241212845900238,0.5283758122955539,0.2153601694222312,1.5520206504396197,0.887618979878628,57.58997883553351,30.081867664219708,0.2766455959849709,0.4500454775919233,34.174367038810374,1
0.5302091838072922,0.32338101576804124,0.47441031844659787,1.6271739191942853,0.3116932159464513,32.25426973138268,7.086285879663613,0.3432988276709578,0.6057078403662803,220.8697402387871,0
0.47102671627256315,0.2153855207368845,0.2786229751937651,2.058232106878303,0.22799528473788105,81.13460861551356,48.14053767502145,0.27986482071911434,0.6752425158643327,18.99137340969932,0
0.20324226251403738,0.34610124885920274,0.19966981690245034,1.3273736469915218,0.4574280234487265,88.72178692364031,20.00604920458813,0.2921936601285356,0.6980599094199048,256.2304127511785,0
0.5039277723778698,0.3847443696520835,0.2640868371891125,2.443193303477794,0.3077056372978987,77.9648914571246,23.199698248491178,0.2923033437235729,0.5891418280270734,73.97896919953499,1
0.5106930890824193,0.06768380216440162,0.1699549771078086,1.9459477771253033,0.4896574418879458,56.727326582850175,64.68066084539296,0.255125592233471,0.1398458596154728,125.72668197799186,0
0.5958435221319118,0.5720665118833441,0.44338844681962697,0.8930365541273645,0.6375527697123538,80.88772103753158,19.445453338361553,0.08607138407897322,0.4317600534613409,11.680855812951192,1
0.39372678477063633,0.0,0.23043192558334846,2.8351126678040974,0.6990605801058446,128.57820956016428,41.1331494363975,0.37009715194165,0.960817956709838,31.33877146438281,0
0.43474210996462104,0.9429633878972643,0.3529299933943669,0.1417430138775131,0.6629461443243363,62.30304628880951,38.43138393123927,0.3804410826698425,0.5748433469604957,318.2510342216189,1
0.27829966170437237,0.7003758267592638,0.4356106714210325,1.4078341891785235,0.43887358904286394,33.76526615509751,35.85258289320128,0.17661203966866318,0.573563913688773,30.945055860733483,1
0.15630607896739024,0.3477982551655373,0.24998473187852704,2.466917401075468,0.5099183655323172,48.27429900895696,34.230008138317665,0.16293020847838183,0.5718971879547716,35.171827766075495,0
0.3337254363804825,0.40188527211275465,0.3532022432272786,0.7769268950878554,0.5815758101794982,72.50952000608102,35.64582842833799,0.2612411652915375,0.5830759245011979,22.01447831685851,0
0.2644511278620475,0.4605943747174567,0.196991394509557,1.8095556467671514,0.14844251521158547,27.903913782038742,34.07910886410811,0.2550812835183505,0.023377563782815303,13.819788125953918,0
0.5505068443130917,0.2821679224022116,0.5445769569113684,2.043339596999048,0.6141169400239719,63.38806149824139,29.221224618359088,0.17980539312469812,0.4520951366177863,26.560444206808352,0
0.4222798914999714,0.4385238295173873,0.3936380134616622,0.639476132018761,0.20854014248323366,67.60673300631765,52.66924686166114,0.0749974344412396,0.4924214336410621,102.81358157244892,0
0.41926443048878165,0.37120000445966783,0.28073935612391937,1.4275222804059648,0.9080693197812979,90.70243479625304,10.310091588010827,0.2305701190749777,0.7562990798506826,60.764445243213906,0
0.3523380430737182,0.3811454565538068,0.2227166269111036,1.34349616979079,0.41909698307166093,86.20389712108602,45.32187156023065,0.25514365381755455,0.5095345789244592,80.68890246021584,0
0.015115185123134978,0.4362922126961278,0.28860034471603735,0.9482621481677072,0.4630249645610818,77.29169583503543,42.33513448031327,0.2725821148038797,0.17069772267961175,13.052429421297775,0
0.7262466123121325,0.13729444032920113,0.2660016277648481,3.8016748520507746,0.3460585801524289,16.746419789709407,40.47598681994101,0.23492927723542076,0.5860178312343505,162.00765382805756,1
0.34995942158348176,0.40791394482672966,0.49529445539995065,0.7368936465545243,0.37400599362886205,78.4210625609585,46.75469141460193,0.17288848516380906,0.33923507035145095,153.29153960463034,0
0.43813698952251395,0.43268954932349546,0.17744652777850978,2.5049302940678833,0.9548187138286479,74.11026772120493,28.611009070974106,0.29940020395062783,0.2566428717837165,2.1826383074721365,1
0.2817661752066034,0.4257699242711829,0.31348014232902033,1.107198983118858,0.6880739377246595,65.11888754156693,1.9653888625968499,0.20658484975659183,0.3331681906566838,48.37214408791111,0
0.6457895515160951,0.35683384891276915,0.29816619333662897,0.4133638111147182,0.19015951097043232,25.395557477090293,28.915610104282713,0.15350769856352794,0.6085008459329031,7.124963245512116,0
0.5215143405555986,0.6275715551938744,0.28825896996551303,1.602814243155069,0.800842580137046,44.464521816258795,15.132086735631685,0.18193466179542792,0.7517522479520138,157.07258835183168,1
0.3760452072101197,0.3292694890236898,0.2891383345061658,2.1490933843875006,0.7386484550282864,36.66354460931868,19.022111852129044,0.05,0.5965859890355174,133.6627184022383,0
0.44116555829839643,0.4454651813646381,0.28839291898795166,2.4205095750656787,0.44375750754234233,19.69983120985819,11.363704892513823,0.18177581758214612,0.6264046447234043,232.26663208859594,1
0.7517269883187305,0.6594595067851092,0.38730660663321,3.062265110655069,0.5613393884059675,59.94169697170411,22.839827123342484,0.26884365198746685,0.5946090545676003,26.971637173423417,1
0.48905458521780826,0.3841247719959376,0.3608984446492435,4.4452462899351,0.49701118411578515,44.043557571144405,21.05064459024826,0.23397830221392302,0.5202654353720937,60.935008290343696,1
0.47273996935761414,0.44289265349351026,0.34189116113727863,1.7505142037555972,0.8945159808893866,112.50611160537824,1.0,0.3520664172981186,0.6393861269925516,20.393899150660253,1
0.3587927770791102,0.3807230727370206,0.05,0.8369078261746121,0.3407419622015819,56.62456121124181,40.503328669234335,0.1737025085984296,0.01624490658611588,46.3997596780291,0
0.21581282742915459,0.6474739587127198,0.3299794874163164,1.9528743267948911,0.5292021219551454,85.8750631173192,63.30482787007323,0.24873131630533163,0.5222176702609667,73.86535705128188,1
0.47599419896309836,0.34845508768274097,0.13443606398299174,1.2337870495935084,0.4143709338014391,28.618019506135507,39.09355790244433,0.27927401763057724,0.2910149930755497,5.480554970838151,0
0.5488227668486927,0.6566709154576411,0.36463201631358255,2.4259661298522297,0.21339191907642913,49.398208279902605,26.956140651986583,0.43428570082874085,0.7325805145088279,125.48115026803268,1
0.6649376696491505,0.3792824210705871,0.44744973675705146,0.20283570363427827,0.9383276510109975,61.93795752068629,29.178804064856767,0.21447654911176406,0.4705689389566279,78.37140206246393,0
0.16272551982505168,0.22810805531039666,0.20737608874114488,3.8683345424004374,0.2636866841795175,41.83692102784659,23.68521197980236,0.09558128211359768,0.5061896176535661,176.58520857599908,0
0.33123555094654566,0.5358746341148243,0.27382192776572933,2.3560480947755127,0.5440258374975552,51.555986303905115,31.350623758004375,0.2847928753355282,0.1989856251492393,31.71527668775105,1
0.41288883641653246,0.3390664332488688,0.2400644294947003,0.0,0.15185987872393292,55.64098187512923,29.444878588901496,0.3865727355968457,0.7033661778025703,233.63601554552162,0
0.4994778727140197,0.5241001798198326,0.42354317757568005,0.7909710976850278,0.42018589215138136,55.32184029110211,17.384273544025582,0.16774512897733784,0.6254656240547619,664.0980011495549,0
0.47824494627073666,0.0,0.3095027885272073,2.316081044113939,0.5843937642866915,97.10237146070693,55.24332583421747,0.2841081538606416,0.6113895764681007,251.6997352935276,0
0.48174669714690954,0.4010410523789893,0.47283293805663335,2.6763440561714544,0.33505320409952744,67.5645257086302,7.692686464353436,0.32287280552289205,0.3373954295662355,150.45936712722136,1
0.5612144087854917,0.3080789402485039,0.3413754202947388,0.22776237276803668,0.6173603701471311,69.59021125882606,40.77497314791369,0.3017065543970154,0.34527203101237397,167.3276960253678,0
0.3645060333831336,0.18734826269374438,0.3242450180635819,2.213025850432949,0.4461917816223835,70.79309548690141,28.48203559023702,0.2125558522473578,0.544719890889181,85.27157432488556,0
0.6401212163350541,0.28935179963204016,0.30682067826028364,0.0,0.7320165024797226,72.25252754674224,58.512477225986174,0.1301526241786854,0.36110031795038977,21.091100357233852,0
0.5650178662549221,0.2852593711414697,0.3817992099257337,1.4106641345289541,0.7723521826680446,58.342260322502696,35.112968988723324,0.19187204519864143,0.5869785925354677,113.02289239027851,0
0.4520251603807881,0.3904028410298838,0.12623138017546565,2.612046842103206,0.3826510478539977,53.58507257042308,24.601416942251277,0.24586004538776307,0.06781747944665556,124.74128133433294,1
0.7401361987833373,0.12653470774300885,0.308534395552051,0.9484842698970195,0.5153465718785913,63.33632119036555,26.28439202348254,0.2908222524091729,0.40249108871868144,422.57164779953087,0
0.733462405335765,0.4632547560519428,0.2929953556272035,0.0,0.5366908452944466,83.13607897826945,30.59860041779642,0.23339450479990395,0.8593506930852983,77.93617469194737,1
0.6399343032790713,0.6732429570411576,0.3725418827157766,1.6462147963775593,0.6238698590869397,82.52476376872767,12.858139575053986,0.16200920334594232,0.587897165599153,31.658786858264282,1
0.04721648441483117,0.4561856993895653,0.28122983941259627,0.8952811333645219,0.5028763992488532,55.19203048623178,18.496957123231326,0.2555379656149769,0.5333587329061985,115.09772783986764,0
0.7368417639076963,0.5617977218458018,0.19612655658373296,2.1295583660658357,0.5380421918685685,75.35687389336223,3.225840462122136,0.286008506774282,0.8970453071342714,388.1291088954962,1
0.6192137783707901,0.6189124909227591,0.3007350674919699,0.6146735677819396,0.4513187050409761,56.10830673920665,16.15534652438859,0.23796100564144806,0.032809276239712803,19.505902493041944,1
0.8009612956569405,0.6472979024368354,0.19171594711316564,0.7273631103468997,0.5230479733944037,60.677410988704885,31.408597224906746,0.11638128854616751,0.3369377770423785,39.45220798484898,1
0.6856196887600308,0.7740277385642611,0.10747377874125144,0.0,0.7595880387070265,50.52953236891605,34.50262573926781,0.181859396528281,0.4197653656505222,78.06262023824083,1
0.7367514016245928,0.300159600344814,0.3727122481485493,1.669944711051483,0.6292166482423709,56.36709722187533,1.0,0.2947820776412467,0.671670246601078,18.65882078766467,1
0.6317982275270568,0.25630320296777676,0.35790615726946706,1.3390950617234012,0.6402511278886738,86.8266013909936,27.94182445433699,0.06169821912555262,0.6751312726456473,2.247123718057833,0
0.7023039797968268,0.556693129664947,0.34670909439935743,0.3116153292599291,0.6446140648271157,61.84842294678472,38.45114926233198,0.05,0.32679865820347476,41.09548327722436,1
0.799118561110166,0.54165324393148,0.4302928421945811,1.693798713767092,0.4692382444237929,62.70565017104636,27.55631709935647,0.3508082850144021,0.6995908644285099,200.52309573702098,1
0.5324832107567309,0.5551350599231379,0.23349681096960745,2.527070300644139,0.5637654087159061,31.055644414840835,20.493170313332996,0.251141525502188,0.4193370465356585,4.444145282604493,1
0.26416541838828056,0.7778564908500505,0.15688858572287448,1.28443205658105,0.2829652643328511,53.81512184734541,23.81758282427679,0.2606730002520107,0.7423279251298334,56.02418371429444,1
0.4538808649977287,0.40227398175969886,0.29299702231919555,1.7681669498219739,0.7537615312633914,55.173701925105426,21.88854967534167,0.0923183026372944,0.29347146037558847,143.63285450506808,1
0.5584918399075155,0.485231311929237,0.2652499700294089,1.7733112495851642,0.0,43.4171302911319,20.449041613379144,0.27375280634665383,0.47533768018676786,306.1500284303137,1
0.5112331376557336,0.20392234970330503,0.21577042832299312,0.2956701728210396,0.48257032153291496,60.43330823407127,32.60735287867273,0.22752486875683645,0.4019665369246879,423.191144680614,0
0.313015705076086,0.8270642247951916,0.2920150846512204,3.5565858207075958,0.7281791954300548,51.416354195446914,64.61532341603177,0.05,0.7112060743131428,54.81284369875104,1
0.25533985622075317,0.33269101575817783,0.23883948537954153,1.0291501698777161,0.22722641327413168,61.59991710487164,18.84450124642225,0.34242834142738576,0.3954437566867658,300.344784979058,0
0.3888255997047756,0.33835681436783405,0.11639947166431686,2.1561162018602706,0.5799559835233702,62.43006019637869,25.227860510078596,0.2158683323618729,0.4915102941976488,3.606144112485674,1
0.6211609333976227,0.33065002179835146,0.25588233092062396,2.2692152772290495,0.3638467106841946,40.88491284354711,29.224530909371524,0.16039160339207315,0.6013622795326099,137.00940496678825,1
0.7370509656234454,0.2710208282711325,0.18636248332961425,1.3604048728842482,0.42623934696222626,52.02596435033621,19.689683484625597,0.16220102540147824,0.609051696605224,102.93083625377864,1
0.6374851420666552,0.25411259023047017,0.32316480716109225,2.106795025059635,0.6891881921278875,61.54748565521667,46.4735370528514,0.05,0.6773905214946343,28.70447523649149,1
0.6586140930671204,0.29525914342209497,0.23439652417593448,1.745819221816389,0.53961138517703,83.6859886231345,1.0,0.25933365996313634,0.5422249553689333,70.78923597204356,1
0.48787766402546634,0.1268408143898111,0.41116314741410515,0.08236024277259402,0.09312882642312742,65.13438345591481,22.034112444319867,0.22618572072457255,0.41635021694403374,13.874925374199817,0
0.23868763134410542,0.24293641594735235,0.46038660672678655,1.1677272987499117,0.3047148920536803,46.76129640165145,42.27470604479943,0.18059198676669053,0.4300602509282499,205.2582699121674,0
0.43171691286759417,0.7897926222895238,0.3679381373011906,0.8874490976459382,0.695067146977752,67.98009518487704,25.588585374170492,0.32784852074516724,0.5051344630415224,44.300824263487065,1
0.4611853382191432,0.5471310287282738,0.14489738180166797,1.038254958653873,0.5897885436385996,94.15097778643522,17.68741561724563,0.06161409810041543,0.5499184952148767,98.36183936259107,1
0.42544212697464767,0.5851808353455437,0.45051959988790397,0.19599682216336212,0.8496271145048568,78.33412945178037,36.61135131658146,0.1403227523632385,0.4705656704303127,17.28976452124425,0
